Tag Name,Address,Data Type,Respect Data Type,Client Access,Scan Rate,Scaling,Raw Low,Raw High,Scaled Low,Scaled High,Scaled Data Type,Clamp Low,Clamp High,Eng Units,Description,Negate Value
"DI.01_Val","DB703.DBX0.0",Boolean,1,R/W,100,,,,,,,,,,"",
"DI.01_Nch","DB703.INT2",Word,1,R/W,100,,,,,,,,,,"",
"DI.01_ImitOn","DB703.DBX4.0",Boolean,1,R/W,100,,,,,,,,,,"",
"DI.01_ImitOff","DB703.DBX4.1",Boolean,1,R/W,100,,,,,,,,,,"",
"DI.01_HotChange","DB703.DBX4.2",Boolean,1,R/W,100,,,,,,,,,,"",
"DI.02_Val","DB703.DBX6.0",Boolean,1,R/W,100,,,,,,,,,,"",
"DI.02_Nch","DB703.INT8",Word,1,R/W,100,,,,,,,,,,"",
"DI.02_ImitOn","DB703.DBX10.0",Boolean,1,R/W,100,,,,,,,,,,"",
"DI.02_ImitOff","DB703.DBX10.1",Boolean,1,R/W,100,,,,,,,,,,"",
"DI.02_HotChange","DB703.DBX10.2",Boolean,1,R/W,100,,,,,,,,,,"",
"DI.03_Val","DB703.DBX12.0",Boolean,1,R/W,100,,,,,,,,,,"",
"DI.03_Nch","DB703.INT14",Word,1,R/W,100,,,,,,,,,,"",
"DI.03_ImitOn","DB703.DBX16.0",Boolean,1,R/W,100,,,,,,,,,,"",
"DI.03_ImitOff","DB703.DBX16.1",Boolean,1,R/W,100,,,,,,,,,,"",
"DI.03_HotChange","DB703.DBX16.2",Boolean,1,R/W,100,,,,,,,,,,"",
"DI.04_Val","DB703.DBX18.0",Boolean,1,R/W,100,,,,,,,,,,"",
"DI.04_Nch","DB703.INT20",Word,1,R/W,100,,,,,,,,,,"",
"DI.04_ImitOn","DB703.DBX22.0",Boolean,1,R/W,100,,,,,,,,,,"",
"DI.04_ImitOff","DB703.DBX22.1",Boolean,1,R/W,100,,,,,,,,,,"",
"DI.04_HotChange","DB703.DBX22.2",Boolean,1,R/W,100,,,,,,,,,,"",
"DI.05_Val","DB703.DBX24.0",Boolean,1,R/W,100,,,,,,,,,,"",
"DI.05_Nch","DB703.INT26",Word,1,R/W,100,,,,,,,,,,"",
"DI.05_ImitOn","DB703.DBX28.0",Boolean,1,R/W,100,,,,,,,,,,"",
"DI.05_ImitOff","DB703.DBX28.1",Boolean,1,R/W,100,,,,,,,,,,"",
"DI.05_HotChange","DB703.DBX28.2",Boolean,1,R/W,100,,,,,,,,,,"",
"DI.06_Val","DB703.DBX30.0",Boolean,1,R/W,100,,,,,,,,,,"",
"DI.06_Nch","DB703.INT32",Word,1,R/W,100,,,,,,,,,,"",
"DI.06_ImitOn","DB703.DBX34.0",Boolean,1,R/W,100,,,,,,,,,,"",
"DI.06_ImitOff","DB703.DBX34.1",Boolean,1,R/W,100,,,,,,,,,,"",
"DI.06_HotChange","DB703.DBX34.2",Boolean,1,R/W,100,,,,,,,,,,"",
"DI.07_Val","DB703.DBX36.0",Boolean,1,R/W,100,,,,,,,,,,"",
"DI.07_Nch","DB703.INT38",Word,1,R/W,100,,,,,,,,,,"",
"DI.07_ImitOn","DB703.DBX40.0",Boolean,1,R/W,100,,,,,,,,,,"",
"DI.07_ImitOff","DB703.DBX40.1",Boolean,1,R/W,100,,,,,,,,,,"",
"DI.07_HotChange","DB703.DBX40.2",Boolean,1,R/W,100,,,,,,,,,,"",
"DI.08_Val","DB703.DBX42.0",Boolean,1,R/W,100,,,,,,,,,,"",
"DI.08_Nch","DB703.INT44",Word,1,R/W,100,,,,,,,,,,"",
"DI.08_ImitOn","DB703.DBX46.0",Boolean,1,R/W,100,,,,,,,,,,"",
"DI.08_ImitOff","DB703.DBX46.1",Boolean,1,R/W,100,,,,,,,,,,"",
"DI.08_HotChange","DB703.DBX46.2",Boolean,1,R/W,100,,,,,,,,,,"",
"DI.09_Val","DB703.DBX48.0",Boolean,1,R/W,100,,,,,,,,,,"",
"DI.09_Nch","DB703.INT50",Word,1,R/W,100,,,,,,,,,,"",
"DI.09_ImitOn","DB703.DBX52.0",Boolean,1,R/W,100,,,,,,,,,,"",
"DI.09_ImitOff","DB703.DBX52.1",Boolean,1,R/W,100,,,,,,,,,,"",
"DI.09_HotChange","DB703.DBX52.2",Boolean,1,R/W,100,,,,,,,,,,"",
"DI.10_Val","DB703.DBX54.0",Boolean,1,R/W,100,,,,,,,,,,"",
"DI.10_Nch","DB703.INT56",Word,1,R/W,100,,,,,,,,,,"",
"DI.10_ImitOn","DB703.DBX58.0",Boolean,1,R/W,100,,,,,,,,,,"",
"DI.10_ImitOff","DB703.DBX58.1",Boolean,1,R/W,100,,,,,,,,,,"",
"DI.10_HotChange","DB703.DBX58.2",Boolean,1,R/W,100,,,,,,,,,,"",
"DI.11_Val","DB703.DBX60.0",Boolean,1,R/W,100,,,,,,,,,,"",
"DI.11_Nch","DB703.INT62",Word,1,R/W,100,,,,,,,,,,"",
"DI.11_ImitOn","DB703.DBX64.0",Boolean,1,R/W,100,,,,,,,,,,"",
"DI.11_ImitOff","DB703.DBX64.1",Boolean,1,R/W,100,,,,,,,,,,"",
"DI.11_HotChange","DB703.DBX64.2",Boolean,1,R/W,100,,,,,,,,,,"",
"DI.12_Val","DB703.DBX66.0",Boolean,1,R/W,100,,,,,,,,,,"",
"DI.12_Nch","DB703.INT68",Word,1,R/W,100,,,,,,,,,,"",
"DI.12_ImitOn","DB703.DBX70.0",Boolean,1,R/W,100,,,,,,,,,,"",
"DI.12_ImitOff","DB703.DBX70.1",Boolean,1,R/W,100,,,,,,,,,,"",
"DI.12_HotChange","DB703.DBX70.2",Boolean,1,R/W,100,,,,,,,,,,"",
"DI.13_Val","DB703.DBX72.0",Boolean,1,R/W,100,,,,,,,,,,"",
"DI.13_Nch","DB703.INT74",Word,1,R/W,100,,,,,,,,,,"",
"DI.13_ImitOn","DB703.DBX76.0",Boolean,1,R/W,100,,,,,,,,,,"",
"DI.13_ImitOff","DB703.DBX76.1",Boolean,1,R/W,100,,,,,,,,,,"",
"DI.13_HotChange","DB703.DBX76.2",Boolean,1,R/W,100,,,,,,,,,,"",
"DI.14_Val","DB703.DBX78.0",Boolean,1,R/W,100,,,,,,,,,,"",
"DI.14_Nch","DB703.INT80",Word,1,R/W,100,,,,,,,,,,"",
"DI.14_ImitOn","DB703.DBX82.0",Boolean,1,R/W,100,,,,,,,,,,"",
"DI.14_ImitOff","DB703.DBX82.1",Boolean,1,R/W,100,,,,,,,,,,"",
"DI.14_HotChange","DB703.DBX82.2",Boolean,1,R/W,100,,,,,,,,,,"",
"DI.15_Val","DB703.DBX84.0",Boolean,1,R/W,100,,,,,,,,,,"",
"DI.15_Nch","DB703.INT86",Word,1,R/W,100,,,,,,,,,,"",
"DI.15_ImitOn","DB703.DBX88.0",Boolean,1,R/W,100,,,,,,,,,,"",
"DI.15_ImitOff","DB703.DBX88.1",Boolean,1,R/W,100,,,,,,,,,,"",
"DI.15_HotChange","DB703.DBX88.2",Boolean,1,R/W,100,,,,,,,,,,"",
"DI.16_Val","DB703.DBX90.0",Boolean,1,R/W,100,,,,,,,,,,"",
"DI.16_Nch","DB703.INT92",Word,1,R/W,100,,,,,,,,,,"",
"DI.16_ImitOn","DB703.DBX94.0",Boolean,1,R/W,100,,,,,,,,,,"",
"DI.16_ImitOff","DB703.DBX94.1",Boolean,1,R/W,100,,,,,,,,,,"",
"DI.16_HotChange","DB703.DBX94.2",Boolean,1,R/W,100,,,,,,,,,,"",
"DI.17_Val","DB703.DBX96.0",Boolean,1,R/W,100,,,,,,,,,,"",
"DI.17_Nch","DB703.INT98",Word,1,R/W,100,,,,,,,,,,"",
"DI.17_ImitOn","DB703.DBX100.0",Boolean,1,R/W,100,,,,,,,,,,"",
"DI.17_ImitOff","DB703.DBX100.1",Boolean,1,R/W,100,,,,,,,,,,"",
"DI.17_HotChange","DB703.DBX100.2",Boolean,1,R/W,100,,,,,,,,,,"",
"DI.18_Val","DB703.DBX102.0",Boolean,1,R/W,100,,,,,,,,,,"",
"DI.18_Nch","DB703.INT104",Word,1,R/W,100,,,,,,,,,,"",
"DI.18_ImitOn","DB703.DBX106.0",Boolean,1,R/W,100,,,,,,,,,,"",
"DI.18_ImitOff","DB703.DBX106.1",Boolean,1,R/W,100,,,,,,,,,,"",
"DI.18_HotChange","DB703.DBX106.2",Boolean,1,R/W,100,,,,,,,,,,"",
"DI.19_Val","DB703.DBX108.0",Boolean,1,R/W,100,,,,,,,,,,"",
"DI.19_Nch","DB703.INT110",Word,1,R/W,100,,,,,,,,,,"",
"DI.19_ImitOn","DB703.DBX112.0",Boolean,1,R/W,100,,,,,,,,,,"",
"DI.19_ImitOff","DB703.DBX112.1",Boolean,1,R/W,100,,,,,,,,,,"",
"DI.19_HotChange","DB703.DBX112.2",Boolean,1,R/W,100,,,,,,,,,,"",
"DI.20_Val","DB703.DBX114.0",Boolean,1,R/W,100,,,,,,,,,,"",
"DI.20_Nch","DB703.INT116",Word,1,R/W,100,,,,,,,,,,"",
"DI.20_ImitOn","DB703.DBX118.0",Boolean,1,R/W,100,,,,,,,,,,"",
"DI.20_ImitOff","DB703.DBX118.1",Boolean,1,R/W,100,,,,,,,,,,"",
"DI.20_HotChange","DB703.DBX118.2",Boolean,1,R/W,100,,,,,,,,,,"",
"DI.21_Val","DB703.DBX120.0",Boolean,1,R/W,100,,,,,,,,,,"",
"DI.21_Nch","DB703.INT122",Word,1,R/W,100,,,,,,,,,,"",
"DI.21_ImitOn","DB703.DBX124.0",Boolean,1,R/W,100,,,,,,,,,,"",
"DI.21_ImitOff","DB703.DBX124.1",Boolean,1,R/W,100,,,,,,,,,,"",
"DI.21_HotChange","DB703.DBX124.2",Boolean,1,R/W,100,,,,,,,,,,"",
"DI.22_Val","DB703.DBX126.0",Boolean,1,R/W,100,,,,,,,,,,"",
"DI.22_Nch","DB703.INT128",Word,1,R/W,100,,,,,,,,,,"",
"DI.22_ImitOn","DB703.DBX130.0",Boolean,1,R/W,100,,,,,,,,,,"",
"DI.22_ImitOff","DB703.DBX130.1",Boolean,1,R/W,100,,,,,,,,,,"",
"DI.22_HotChange","DB703.DBX130.2",Boolean,1,R/W,100,,,,,,,,,,"",
"DI.23_Val","DB703.DBX132.0",Boolean,1,R/W,100,,,,,,,,,,"",
"DI.23_Nch","DB703.INT134",Word,1,R/W,100,,,,,,,,,,"",
"DI.23_ImitOn","DB703.DBX136.0",Boolean,1,R/W,100,,,,,,,,,,"",
"DI.23_ImitOff","DB703.DBX136.1",Boolean,1,R/W,100,,,,,,,,,,"",
"DI.23_HotChange","DB703.DBX136.2",Boolean,1,R/W,100,,,,,,,,,,"",
"DI.24_Val","DB703.DBX138.0",Boolean,1,R/W,100,,,,,,,,,,"",
"DI.24_Nch","DB703.INT140",Word,1,R/W,100,,,,,,,,,,"",
"DI.24_ImitOn","DB703.DBX142.0",Boolean,1,R/W,100,,,,,,,,,,"",
"DI.24_ImitOff","DB703.DBX142.1",Boolean,1,R/W,100,,,,,,,,,,"",
"DI.24_HotChange","DB703.DBX142.2",Boolean,1,R/W,100,,,,,,,,,,"",
"DI.25_Val","DB703.DBX144.0",Boolean,1,R/W,100,,,,,,,,,,"",
"DI.25_Nch","DB703.INT146",Word,1,R/W,100,,,,,,,,,,"",
"DI.25_ImitOn","DB703.DBX148.0",Boolean,1,R/W,100,,,,,,,,,,"",
"DI.25_ImitOff","DB703.DBX148.1",Boolean,1,R/W,100,,,,,,,,,,"",
"DI.25_HotChange","DB703.DBX148.2",Boolean,1,R/W,100,,,,,,,,,,"",
"DI.26_Val","DB703.DBX150.0",Boolean,1,R/W,100,,,,,,,,,,"",
"DI.26_Nch","DB703.INT152",Word,1,R/W,100,,,,,,,,,,"",
"DI.26_ImitOn","DB703.DBX154.0",Boolean,1,R/W,100,,,,,,,,,,"",
"DI.26_ImitOff","DB703.DBX154.1",Boolean,1,R/W,100,,,,,,,,,,"",
"DI.26_HotChange","DB703.DBX154.2",Boolean,1,R/W,100,,,,,,,,,,"",
"DI.27_Val","DB703.DBX156.0",Boolean,1,R/W,100,,,,,,,,,,"",
"DI.27_Nch","DB703.INT158",Word,1,R/W,100,,,,,,,,,,"",
"DI.27_ImitOn","DB703.DBX160.0",Boolean,1,R/W,100,,,,,,,,,,"",
"DI.27_ImitOff","DB703.DBX160.1",Boolean,1,R/W,100,,,,,,,,,,"",
"DI.27_HotChange","DB703.DBX160.2",Boolean,1,R/W,100,,,,,,,,,,"",
"DI.28_Val","DB703.DBX162.0",Boolean,1,R/W,100,,,,,,,,,,"",
"DI.28_Nch","DB703.INT164",Word,1,R/W,100,,,,,,,,,,"",
"DI.28_ImitOn","DB703.DBX166.0",Boolean,1,R/W,100,,,,,,,,,,"",
"DI.28_ImitOff","DB703.DBX166.1",Boolean,1,R/W,100,,,,,,,,,,"",
"DI.28_HotChange","DB703.DBX166.2",Boolean,1,R/W,100,,,,,,,,,,"",
"DI.29_Val","DB703.DBX168.0",Boolean,1,R/W,100,,,,,,,,,,"",
"DI.29_Nch","DB703.INT170",Word,1,R/W,100,,,,,,,,,,"",
"DI.29_ImitOn","DB703.DBX172.0",Boolean,1,R/W,100,,,,,,,,,,"",
"DI.29_ImitOff","DB703.DBX172.1",Boolean,1,R/W,100,,,,,,,,,,"",
"DI.29_HotChange","DB703.DBX172.2",Boolean,1,R/W,100,,,,,,,,,,"",
"DI.30_Val","DB703.DBX174.0",Boolean,1,R/W,100,,,,,,,,,,"",
"DI.30_Nch","DB703.INT176",Word,1,R/W,100,,,,,,,,,,"",
"DI.30_ImitOn","DB703.DBX178.0",Boolean,1,R/W,100,,,,,,,,,,"",
"DI.30_ImitOff","DB703.DBX178.1",Boolean,1,R/W,100,,,,,,,,,,"",
"DI.30_HotChange","DB703.DBX178.2",Boolean,1,R/W,100,,,,,,,,,,"",
"DI.31_Val","DB703.DBX180.0",Boolean,1,R/W,100,,,,,,,,,,"",
"DI.31_Nch","DB703.INT182",Word,1,R/W,100,,,,,,,,,,"",
"DI.31_ImitOn","DB703.DBX184.0",Boolean,1,R/W,100,,,,,,,,,,"",
"DI.31_ImitOff","DB703.DBX184.1",Boolean,1,R/W,100,,,,,,,,,,"",
"DI.31_HotChange","DB703.DBX184.2",Boolean,1,R/W,100,,,,,,,,,,"",
"DI.32_Val","DB703.DBX186.0",Boolean,1,R/W,100,,,,,,,,,,"",
"DI.32_Nch","DB703.INT188",Word,1,R/W,100,,,,,,,,,,"",
"DI.32_ImitOn","DB703.DBX190.0",Boolean,1,R/W,100,,,,,,,,,,"",
"DI.32_ImitOff","DB703.DBX190.1",Boolean,1,R/W,100,,,,,,,,,,"",
"DI.32_HotChange","DB703.DBX190.2",Boolean,1,R/W,100,,,,,,,,,,"",
"DI.33_Val","DB703.DBX192.0",Boolean,1,R/W,100,,,,,,,,,,"",
"DI.33_Nch","DB703.INT194",Word,1,R/W,100,,,,,,,,,,"",
"DI.33_ImitOn","DB703.DBX196.0",Boolean,1,R/W,100,,,,,,,,,,"",
"DI.33_ImitOff","DB703.DBX196.1",Boolean,1,R/W,100,,,,,,,,,,"",
"DI.33_HotChange","DB703.DBX196.2",Boolean,1,R/W,100,,,,,,,,,,"",
"DI.34_Val","DB703.DBX198.0",Boolean,1,R/W,100,,,,,,,,,,"",
"DI.34_Nch","DB703.INT200",Word,1,R/W,100,,,,,,,,,,"",
"DI.34_ImitOn","DB703.DBX202.0",Boolean,1,R/W,100,,,,,,,,,,"",
"DI.34_ImitOff","DB703.DBX202.1",Boolean,1,R/W,100,,,,,,,,,,"",
"DI.34_HotChange","DB703.DBX202.2",Boolean,1,R/W,100,,,,,,,,,,"",
"DI.35_Val","DB703.DBX204.0",Boolean,1,R/W,100,,,,,,,,,,"",
"DI.35_Nch","DB703.INT206",Word,1,R/W,100,,,,,,,,,,"",
"DI.35_ImitOn","DB703.DBX208.0",Boolean,1,R/W,100,,,,,,,,,,"",
"DI.35_ImitOff","DB703.DBX208.1",Boolean,1,R/W,100,,,,,,,,,,"",
"DI.35_HotChange","DB703.DBX208.2",Boolean,1,R/W,100,,,,,,,,,,"",
"DI.36_Val","DB703.DBX210.0",Boolean,1,R/W,100,,,,,,,,,,"",
"DI.36_Nch","DB703.INT212",Word,1,R/W,100,,,,,,,,,,"",
"DI.36_ImitOn","DB703.DBX214.0",Boolean,1,R/W,100,,,,,,,,,,"",
"DI.36_ImitOff","DB703.DBX214.1",Boolean,1,R/W,100,,,,,,,,,,"",
"DI.36_HotChange","DB703.DBX214.2",Boolean,1,R/W,100,,,,,,,,,,"",
"DI.37_Val","DB703.DBX216.0",Boolean,1,R/W,100,,,,,,,,,,"",
"DI.37_Nch","DB703.INT218",Word,1,R/W,100,,,,,,,,,,"",
"DI.37_ImitOn","DB703.DBX220.0",Boolean,1,R/W,100,,,,,,,,,,"",
"DI.37_ImitOff","DB703.DBX220.1",Boolean,1,R/W,100,,,,,,,,,,"",
"DI.37_HotChange","DB703.DBX220.2",Boolean,1,R/W,100,,,,,,,,,,"",
"DI.38_Val","DB703.DBX222.0",Boolean,1,R/W,100,,,,,,,,,,"",
"DI.38_Nch","DB703.INT224",Word,1,R/W,100,,,,,,,,,,"",
"DI.38_ImitOn","DB703.DBX226.0",Boolean,1,R/W,100,,,,,,,,,,"",
"DI.38_ImitOff","DB703.DBX226.1",Boolean,1,R/W,100,,,,,,,,,,"",
"DI.38_HotChange","DB703.DBX226.2",Boolean,1,R/W,100,,,,,,,,,,"",
"DI.39_Val","DB703.DBX228.0",Boolean,1,R/W,100,,,,,,,,,,"",
"DI.39_Nch","DB703.INT230",Word,1,R/W,100,,,,,,,,,,"",
"DI.39_ImitOn","DB703.DBX232.0",Boolean,1,R/W,100,,,,,,,,,,"",
"DI.39_ImitOff","DB703.DBX232.1",Boolean,1,R/W,100,,,,,,,,,,"",
"DI.39_HotChange","DB703.DBX232.2",Boolean,1,R/W,100,,,,,,,,,,"",
"DI.40_Val","DB703.DBX234.0",Boolean,1,R/W,100,,,,,,,,,,"",
"DI.40_Nch","DB703.INT236",Word,1,R/W,100,,,,,,,,,,"",
"DI.40_ImitOn","DB703.DBX238.0",Boolean,1,R/W,100,,,,,,,,,,"",
"DI.40_ImitOff","DB703.DBX238.1",Boolean,1,R/W,100,,,,,,,,,,"",
"DI.40_HotChange","DB703.DBX238.2",Boolean,1,R/W,100,,,,,,,,,,"",
"DI.41_Val","DB703.DBX240.0",Boolean,1,R/W,100,,,,,,,,,,"",
"DI.41_Nch","DB703.INT242",Word,1,R/W,100,,,,,,,,,,"",
"DI.41_ImitOn","DB703.DBX244.0",Boolean,1,R/W,100,,,,,,,,,,"",
"DI.41_ImitOff","DB703.DBX244.1",Boolean,1,R/W,100,,,,,,,,,,"",
"DI.41_HotChange","DB703.DBX244.2",Boolean,1,R/W,100,,,,,,,,,,"",
"DI.42_Val","DB703.DBX246.0",Boolean,1,R/W,100,,,,,,,,,,"",
"DI.42_Nch","DB703.INT248",Word,1,R/W,100,,,,,,,,,,"",
"DI.42_ImitOn","DB703.DBX250.0",Boolean,1,R/W,100,,,,,,,,,,"",
"DI.42_ImitOff","DB703.DBX250.1",Boolean,1,R/W,100,,,,,,,,,,"",
"DI.42_HotChange","DB703.DBX250.2",Boolean,1,R/W,100,,,,,,,,,,"",
"DI.43_Val","DB703.DBX252.0",Boolean,1,R/W,100,,,,,,,,,,"",
"DI.43_Nch","DB703.INT254",Word,1,R/W,100,,,,,,,,,,"",
"DI.43_ImitOn","DB703.DBX256.0",Boolean,1,R/W,100,,,,,,,,,,"",
"DI.43_ImitOff","DB703.DBX256.1",Boolean,1,R/W,100,,,,,,,,,,"",
"DI.43_HotChange","DB703.DBX256.2",Boolean,1,R/W,100,,,,,,,,,,"",
"DI.44_Val","DB703.DBX258.0",Boolean,1,R/W,100,,,,,,,,,,"",
"DI.44_Nch","DB703.INT260",Word,1,R/W,100,,,,,,,,,,"",
"DI.44_ImitOn","DB703.DBX262.0",Boolean,1,R/W,100,,,,,,,,,,"",
"DI.44_ImitOff","DB703.DBX262.1",Boolean,1,R/W,100,,,,,,,,,,"",
"DI.44_HotChange","DB703.DBX262.2",Boolean,1,R/W,100,,,,,,,,,,"",
"DI.45_Val","DB703.DBX264.0",Boolean,1,R/W,100,,,,,,,,,,"",
"DI.45_Nch","DB703.INT266",Word,1,R/W,100,,,,,,,,,,"",
"DI.45_ImitOn","DB703.DBX268.0",Boolean,1,R/W,100,,,,,,,,,,"",
"DI.45_ImitOff","DB703.DBX268.1",Boolean,1,R/W,100,,,,,,,,,,"",
"DI.45_HotChange","DB703.DBX268.2",Boolean,1,R/W,100,,,,,,,,,,"",
"DI.46_Val","DB703.DBX270.0",Boolean,1,R/W,100,,,,,,,,,,"",
"DI.46_Nch","DB703.INT272",Word,1,R/W,100,,,,,,,,,,"",
"DI.46_ImitOn","DB703.DBX274.0",Boolean,1,R/W,100,,,,,,,,,,"",
"DI.46_ImitOff","DB703.DBX274.1",Boolean,1,R/W,100,,,,,,,,,,"",
"DI.46_HotChange","DB703.DBX274.2",Boolean,1,R/W,100,,,,,,,,,,"",
"DI.47_Val","DB703.DBX276.0",Boolean,1,R/W,100,,,,,,,,,,"",
"DI.47_Nch","DB703.INT278",Word,1,R/W,100,,,,,,,,,,"",
"DI.47_ImitOn","DB703.DBX280.0",Boolean,1,R/W,100,,,,,,,,,,"",
"DI.47_ImitOff","DB703.DBX280.1",Boolean,1,R/W,100,,,,,,,,,,"",
"DI.47_HotChange","DB703.DBX280.2",Boolean,1,R/W,100,,,,,,,,,,"",
"DI.48_Val","DB703.DBX282.0",Boolean,1,R/W,100,,,,,,,,,,"",
"DI.48_Nch","DB703.INT284",Word,1,R/W,100,,,,,,,,,,"",
"DI.48_ImitOn","DB703.DBX286.0",Boolean,1,R/W,100,,,,,,,,,,"",
"DI.48_ImitOff","DB703.DBX286.1",Boolean,1,R/W,100,,,,,,,,,,"",
"DI.48_HotChange","DB703.DBX286.2",Boolean,1,R/W,100,,,,,,,,,,"",
"DI.49_Val","DB703.DBX288.0",Boolean,1,R/W,100,,,,,,,,,,"",
"DI.49_Nch","DB703.INT290",Word,1,R/W,100,,,,,,,,,,"",
"DI.49_ImitOn","DB703.DBX292.0",Boolean,1,R/W,100,,,,,,,,,,"",
"DI.49_ImitOff","DB703.DBX292.1",Boolean,1,R/W,100,,,,,,,,,,"",
"DI.49_HotChange","DB703.DBX292.2",Boolean,1,R/W,100,,,,,,,,,,"",
"DI.50_Val","DB703.DBX294.0",Boolean,1,R/W,100,,,,,,,,,,"",
"DI.50_Nch","DB703.INT296",Word,1,R/W,100,,,,,,,,,,"",
"DI.50_ImitOn","DB703.DBX298.0",Boolean,1,R/W,100,,,,,,,,,,"",
"DI.50_ImitOff","DB703.DBX298.1",Boolean,1,R/W,100,,,,,,,,,,"",
"DI.50_HotChange","DB703.DBX298.2",Boolean,1,R/W,100,,,,,,,,,,"",
"DI.51_Val","DB703.DBX300.0",Boolean,1,R/W,100,,,,,,,,,,"",
"DI.51_Nch","DB703.INT302",Word,1,R/W,100,,,,,,,,,,"",
"DI.51_ImitOn","DB703.DBX304.0",Boolean,1,R/W,100,,,,,,,,,,"",
"DI.51_ImitOff","DB703.DBX304.1",Boolean,1,R/W,100,,,,,,,,,,"",
"DI.51_HotChange","DB703.DBX304.2",Boolean,1,R/W,100,,,,,,,,,,"",
"DI.52_Val","DB703.DBX306.0",Boolean,1,R/W,100,,,,,,,,,,"",
"DI.52_Nch","DB703.INT308",Word,1,R/W,100,,,,,,,,,,"",
"DI.52_ImitOn","DB703.DBX310.0",Boolean,1,R/W,100,,,,,,,,,,"",
"DI.52_ImitOff","DB703.DBX310.1",Boolean,1,R/W,100,,,,,,,,,,"",
"DI.52_HotChange","DB703.DBX310.2",Boolean,1,R/W,100,,,,,,,,,,"",
"DI.53_Val","DB703.DBX312.0",Boolean,1,R/W,100,,,,,,,,,,"",
"DI.53_Nch","DB703.INT314",Word,1,R/W,100,,,,,,,,,,"",
"DI.53_ImitOn","DB703.DBX316.0",Boolean,1,R/W,100,,,,,,,,,,"",
"DI.53_ImitOff","DB703.DBX316.1",Boolean,1,R/W,100,,,,,,,,,,"",
"DI.53_HotChange","DB703.DBX316.2",Boolean,1,R/W,100,,,,,,,,,,"",
"DI.54_Val","DB703.DBX318.0",Boolean,1,R/W,100,,,,,,,,,,"",
"DI.54_Nch","DB703.INT320",Word,1,R/W,100,,,,,,,,,,"",
"DI.54_ImitOn","DB703.DBX322.0",Boolean,1,R/W,100,,,,,,,,,,"",
"DI.54_ImitOff","DB703.DBX322.1",Boolean,1,R/W,100,,,,,,,,,,"",
"DI.54_HotChange","DB703.DBX322.2",Boolean,1,R/W,100,,,,,,,,,,"",
"DI.55_Val","DB703.DBX324.0",Boolean,1,R/W,100,,,,,,,,,,"",
"DI.55_Nch","DB703.INT326",Word,1,R/W,100,,,,,,,,,,"",
"DI.55_ImitOn","DB703.DBX328.0",Boolean,1,R/W,100,,,,,,,,,,"",
"DI.55_ImitOff","DB703.DBX328.1",Boolean,1,R/W,100,,,,,,,,,,"",
"DI.55_HotChange","DB703.DBX328.2",Boolean,1,R/W,100,,,,,,,,,,"",
"DI.56_Val","DB703.DBX330.0",Boolean,1,R/W,100,,,,,,,,,,"",
"DI.56_Nch","DB703.INT332",Word,1,R/W,100,,,,,,,,,,"",
"DI.56_ImitOn","DB703.DBX334.0",Boolean,1,R/W,100,,,,,,,,,,"",
"DI.56_ImitOff","DB703.DBX334.1",Boolean,1,R/W,100,,,,,,,,,,"",
"DI.56_HotChange","DB703.DBX334.2",Boolean,1,R/W,100,,,,,,,,,,"",
"DI.57_Val","DB703.DBX336.0",Boolean,1,R/W,100,,,,,,,,,,"",
"DI.57_Nch","DB703.INT338",Word,1,R/W,100,,,,,,,,,,"",
"DI.57_ImitOn","DB703.DBX340.0",Boolean,1,R/W,100,,,,,,,,,,"",
"DI.57_ImitOff","DB703.DBX340.1",Boolean,1,R/W,100,,,,,,,,,,"",
"DI.57_HotChange","DB703.DBX340.2",Boolean,1,R/W,100,,,,,,,,,,"",
"DI.58_Val","DB703.DBX342.0",Boolean,1,R/W,100,,,,,,,,,,"",
"DI.58_Nch","DB703.INT344",Word,1,R/W,100,,,,,,,,,,"",
"DI.58_ImitOn","DB703.DBX346.0",Boolean,1,R/W,100,,,,,,,,,,"",
"DI.58_ImitOff","DB703.DBX346.1",Boolean,1,R/W,100,,,,,,,,,,"",
"DI.58_HotChange","DB703.DBX346.2",Boolean,1,R/W,100,,,,,,,,,,"",
"DI.59_Val","DB703.DBX348.0",Boolean,1,R/W,100,,,,,,,,,,"",
"DI.59_Nch","DB703.INT350",Word,1,R/W,100,,,,,,,,,,"",
"DI.59_ImitOn","DB703.DBX352.0",Boolean,1,R/W,100,,,,,,,,,,"",
"DI.59_ImitOff","DB703.DBX352.1",Boolean,1,R/W,100,,,,,,,,,,"",
"DI.59_HotChange","DB703.DBX352.2",Boolean,1,R/W,100,,,,,,,,,,"",
"DI.60_Val","DB703.DBX354.0",Boolean,1,R/W,100,,,,,,,,,,"",
"DI.60_Nch","DB703.INT356",Word,1,R/W,100,,,,,,,,,,"",
"DI.60_ImitOn","DB703.DBX358.0",Boolean,1,R/W,100,,,,,,,,,,"",
"DI.60_ImitOff","DB703.DBX358.1",Boolean,1,R/W,100,,,,,,,,,,"",
"DI.60_HotChange","DB703.DBX358.2",Boolean,1,R/W,100,,,,,,,,,,"",
"DI.61_Val","DB703.DBX360.0",Boolean,1,R/W,100,,,,,,,,,,"",
"DI.61_Nch","DB703.INT362",Word,1,R/W,100,,,,,,,,,,"",
"DI.61_ImitOn","DB703.DBX364.0",Boolean,1,R/W,100,,,,,,,,,,"",
"DI.61_ImitOff","DB703.DBX364.1",Boolean,1,R/W,100,,,,,,,,,,"",
"DI.61_HotChange","DB703.DBX364.2",Boolean,1,R/W,100,,,,,,,,,,"",
"DI.62_Val","DB703.DBX366.0",Boolean,1,R/W,100,,,,,,,,,,"",
"DI.62_Nch","DB703.INT368",Word,1,R/W,100,,,,,,,,,,"",
"DI.62_ImitOn","DB703.DBX370.0",Boolean,1,R/W,100,,,,,,,,,,"",
"DI.62_ImitOff","DB703.DBX370.1",Boolean,1,R/W,100,,,,,,,,,,"",
"DI.62_HotChange","DB703.DBX370.2",Boolean,1,R/W,100,,,,,,,,,,"",
"DI.63_Val","DB703.DBX372.0",Boolean,1,R/W,100,,,,,,,,,,"",
"DI.63_Nch","DB703.INT374",Word,1,R/W,100,,,,,,,,,,"",
"DI.63_ImitOn","DB703.DBX376.0",Boolean,1,R/W,100,,,,,,,,,,"",
"DI.63_ImitOff","DB703.DBX376.1",Boolean,1,R/W,100,,,,,,,,,,"",
"DI.63_HotChange","DB703.DBX376.2",Boolean,1,R/W,100,,,,,,,,,,"",
"DI.64_Val","DB703.DBX378.0",Boolean,1,R/W,100,,,,,,,,,,"",
"DI.64_Nch","DB703.INT380",Word,1,R/W,100,,,,,,,,,,"",
"DI.64_ImitOn","DB703.DBX382.0",Boolean,1,R/W,100,,,,,,,,,,"",
"DI.64_ImitOff","DB703.DBX382.1",Boolean,1,R/W,100,,,,,,,,,,"",
"DI.64_HotChange","DB703.DBX382.2",Boolean,1,R/W,100,,,,,,,,,,"",
"DI.65_Val","DB703.DBX384.0",Boolean,1,R/W,100,,,,,,,,,,"",
"DI.65_Nch","DB703.INT386",Word,1,R/W,100,,,,,,,,,,"",
"DI.65_ImitOn","DB703.DBX388.0",Boolean,1,R/W,100,,,,,,,,,,"",
"DI.65_ImitOff","DB703.DBX388.1",Boolean,1,R/W,100,,,,,,,,,,"",
"DI.65_HotChange","DB703.DBX388.2",Boolean,1,R/W,100,,,,,,,,,,"",
"DI.66_Val","DB703.DBX390.0",Boolean,1,R/W,100,,,,,,,,,,"",
"DI.66_Nch","DB703.INT392",Word,1,R/W,100,,,,,,,,,,"",
"DI.66_ImitOn","DB703.DBX394.0",Boolean,1,R/W,100,,,,,,,,,,"",
"DI.66_ImitOff","DB703.DBX394.1",Boolean,1,R/W,100,,,,,,,,,,"",
"DI.66_HotChange","DB703.DBX394.2",Boolean,1,R/W,100,,,,,,,,,,"",
"DI.67_Val","DB703.DBX396.0",Boolean,1,R/W,100,,,,,,,,,,"",
"DI.67_Nch","DB703.INT398",Word,1,R/W,100,,,,,,,,,,"",
"DI.67_ImitOn","DB703.DBX400.0",Boolean,1,R/W,100,,,,,,,,,,"",
"DI.67_ImitOff","DB703.DBX400.1",Boolean,1,R/W,100,,,,,,,,,,"",
"DI.67_HotChange","DB703.DBX400.2",Boolean,1,R/W,100,,,,,,,,,,"",
"DI.68_Val","DB703.DBX402.0",Boolean,1,R/W,100,,,,,,,,,,"",
"DI.68_Nch","DB703.INT404",Word,1,R/W,100,,,,,,,,,,"",
"DI.68_ImitOn","DB703.DBX406.0",Boolean,1,R/W,100,,,,,,,,,,"",
"DI.68_ImitOff","DB703.DBX406.1",Boolean,1,R/W,100,,,,,,,,,,"",
"DI.68_HotChange","DB703.DBX406.2",Boolean,1,R/W,100,,,,,,,,,,"",
"DI.69_Val","DB703.DBX408.0",Boolean,1,R/W,100,,,,,,,,,,"",
"DI.69_Nch","DB703.INT410",Word,1,R/W,100,,,,,,,,,,"",
"DI.69_ImitOn","DB703.DBX412.0",Boolean,1,R/W,100,,,,,,,,,,"",
"DI.69_ImitOff","DB703.DBX412.1",Boolean,1,R/W,100,,,,,,,,,,"",
"DI.69_HotChange","DB703.DBX412.2",Boolean,1,R/W,100,,,,,,,,,,"",
"DI.70_Val","DB703.DBX414.0",Boolean,1,R/W,100,,,,,,,,,,"",
"DI.70_Nch","DB703.INT416",Word,1,R/W,100,,,,,,,,,,"",
"DI.70_ImitOn","DB703.DBX418.0",Boolean,1,R/W,100,,,,,,,,,,"",
"DI.70_ImitOff","DB703.DBX418.1",Boolean,1,R/W,100,,,,,,,,,,"",
"DI.70_HotChange","DB703.DBX418.2",Boolean,1,R/W,100,,,,,,,,,,"",
"DI.71_Val","DB703.DBX420.0",Boolean,1,R/W,100,,,,,,,,,,"",
"DI.71_Nch","DB703.INT422",Word,1,R/W,100,,,,,,,,,,"",
"DI.71_ImitOn","DB703.DBX424.0",Boolean,1,R/W,100,,,,,,,,,,"",
"DI.71_ImitOff","DB703.DBX424.1",Boolean,1,R/W,100,,,,,,,,,,"",
"DI.71_HotChange","DB703.DBX424.2",Boolean,1,R/W,100,,,,,,,,,,"",
"DI.72_Val","DB703.DBX426.0",Boolean,1,R/W,100,,,,,,,,,,"",
"DI.72_Nch","DB703.INT428",Word,1,R/W,100,,,,,,,,,,"",
"DI.72_ImitOn","DB703.DBX430.0",Boolean,1,R/W,100,,,,,,,,,,"",
"DI.72_ImitOff","DB703.DBX430.1",Boolean,1,R/W,100,,,,,,,,,,"",
"DI.72_HotChange","DB703.DBX430.2",Boolean,1,R/W,100,,,,,,,,,,"",
"DI.73_Val","DB703.DBX432.0",Boolean,1,R/W,100,,,,,,,,,,"",
"DI.73_Nch","DB703.INT434",Word,1,R/W,100,,,,,,,,,,"",
"DI.73_ImitOn","DB703.DBX436.0",Boolean,1,R/W,100,,,,,,,,,,"",
"DI.73_ImitOff","DB703.DBX436.1",Boolean,1,R/W,100,,,,,,,,,,"",
"DI.73_HotChange","DB703.DBX436.2",Boolean,1,R/W,100,,,,,,,,,,"",
"DI.74_Val","DB703.DBX438.0",Boolean,1,R/W,100,,,,,,,,,,"",
"DI.74_Nch","DB703.INT440",Word,1,R/W,100,,,,,,,,,,"",
"DI.74_ImitOn","DB703.DBX442.0",Boolean,1,R/W,100,,,,,,,,,,"",
"DI.74_ImitOff","DB703.DBX442.1",Boolean,1,R/W,100,,,,,,,,,,"",
"DI.74_HotChange","DB703.DBX442.2",Boolean,1,R/W,100,,,,,,,,,,"",
"DI.75_Val","DB703.DBX444.0",Boolean,1,R/W,100,,,,,,,,,,"",
"DI.75_Nch","DB703.INT446",Word,1,R/W,100,,,,,,,,,,"",
"DI.75_ImitOn","DB703.DBX448.0",Boolean,1,R/W,100,,,,,,,,,,"",
"DI.75_ImitOff","DB703.DBX448.1",Boolean,1,R/W,100,,,,,,,,,,"",
"DI.75_HotChange","DB703.DBX448.2",Boolean,1,R/W,100,,,,,,,,,,"",
"DI.76_Val","DB703.DBX450.0",Boolean,1,R/W,100,,,,,,,,,,"",
"DI.76_Nch","DB703.INT452",Word,1,R/W,100,,,,,,,,,,"",
"DI.76_ImitOn","DB703.DBX454.0",Boolean,1,R/W,100,,,,,,,,,,"",
"DI.76_ImitOff","DB703.DBX454.1",Boolean,1,R/W,100,,,,,,,,,,"",
"DI.76_HotChange","DB703.DBX454.2",Boolean,1,R/W,100,,,,,,,,,,"",
"DI.77_Val","DB703.DBX456.0",Boolean,1,R/W,100,,,,,,,,,,"",
"DI.77_Nch","DB703.INT458",Word,1,R/W,100,,,,,,,,,,"",
"DI.77_ImitOn","DB703.DBX460.0",Boolean,1,R/W,100,,,,,,,,,,"",
"DI.77_ImitOff","DB703.DBX460.1",Boolean,1,R/W,100,,,,,,,,,,"",
"DI.77_HotChange","DB703.DBX460.2",Boolean,1,R/W,100,,,,,,,,,,"",
"DI.78_Val","DB703.DBX462.0",Boolean,1,R/W,100,,,,,,,,,,"",
"DI.78_Nch","DB703.INT464",Word,1,R/W,100,,,,,,,,,,"",
"DI.78_ImitOn","DB703.DBX466.0",Boolean,1,R/W,100,,,,,,,,,,"",
"DI.78_ImitOff","DB703.DBX466.1",Boolean,1,R/W,100,,,,,,,,,,"",
"DI.78_HotChange","DB703.DBX466.2",Boolean,1,R/W,100,,,,,,,,,,"",
"DI.79_Val","DB703.DBX468.0",Boolean,1,R/W,100,,,,,,,,,,"",
"DI.79_Nch","DB703.INT470",Word,1,R/W,100,,,,,,,,,,"",
"DI.79_ImitOn","DB703.DBX472.0",Boolean,1,R/W,100,,,,,,,,,,"",
"DI.79_ImitOff","DB703.DBX472.1",Boolean,1,R/W,100,,,,,,,,,,"",
"DI.79_HotChange","DB703.DBX472.2",Boolean,1,R/W,100,,,,,,,,,,"",
"DI.80_Val","DB703.DBX474.0",Boolean,1,R/W,100,,,,,,,,,,"",
"DI.80_Nch","DB703.INT476",Word,1,R/W,100,,,,,,,,,,"",
"DI.80_ImitOn","DB703.DBX478.0",Boolean,1,R/W,100,,,,,,,,,,"",
"DI.80_ImitOff","DB703.DBX478.1",Boolean,1,R/W,100,,,,,,,,,,"",
"DI.80_HotChange","DB703.DBX478.2",Boolean,1,R/W,100,,,,,,,,,,"",
"DI.81_Val","DB703.DBX480.0",Boolean,1,R/W,100,,,,,,,,,,"",
"DI.81_Nch","DB703.INT482",Word,1,R/W,100,,,,,,,,,,"",
"DI.81_ImitOn","DB703.DBX484.0",Boolean,1,R/W,100,,,,,,,,,,"",
"DI.81_ImitOff","DB703.DBX484.1",Boolean,1,R/W,100,,,,,,,,,,"",
"DI.81_HotChange","DB703.DBX484.2",Boolean,1,R/W,100,,,,,,,,,,"",
"DI.82_Val","DB703.DBX486.0",Boolean,1,R/W,100,,,,,,,,,,"",
"DI.82_Nch","DB703.INT488",Word,1,R/W,100,,,,,,,,,,"",
"DI.82_ImitOn","DB703.DBX490.0",Boolean,1,R/W,100,,,,,,,,,,"",
"DI.82_ImitOff","DB703.DBX490.1",Boolean,1,R/W,100,,,,,,,,,,"",
"DI.82_HotChange","DB703.DBX490.2",Boolean,1,R/W,100,,,,,,,,,,"",
"DI.83_Val","DB703.DBX492.0",Boolean,1,R/W,100,,,,,,,,,,"",
"DI.83_Nch","DB703.INT494",Word,1,R/W,100,,,,,,,,,,"",
"DI.83_ImitOn","DB703.DBX496.0",Boolean,1,R/W,100,,,,,,,,,,"",
"DI.83_ImitOff","DB703.DBX496.1",Boolean,1,R/W,100,,,,,,,,,,"",
"DI.83_HotChange","DB703.DBX496.2",Boolean,1,R/W,100,,,,,,,,,,"",
"DI.84_Val","DB703.DBX498.0",Boolean,1,R/W,100,,,,,,,,,,"",
"DI.84_Nch","DB703.INT500",Word,1,R/W,100,,,,,,,,,,"",
"DI.84_ImitOn","DB703.DBX502.0",Boolean,1,R/W,100,,,,,,,,,,"",
"DI.84_ImitOff","DB703.DBX502.1",Boolean,1,R/W,100,,,,,,,,,,"",
"DI.84_HotChange","DB703.DBX502.2",Boolean,1,R/W,100,,,,,,,,,,"",
"DI.85_Val","DB703.DBX504.0",Boolean,1,R/W,100,,,,,,,,,,"",
"DI.85_Nch","DB703.INT506",Word,1,R/W,100,,,,,,,,,,"",
"DI.85_ImitOn","DB703.DBX508.0",Boolean,1,R/W,100,,,,,,,,,,"",
"DI.85_ImitOff","DB703.DBX508.1",Boolean,1,R/W,100,,,,,,,,,,"",
"DI.85_HotChange","DB703.DBX508.2",Boolean,1,R/W,100,,,,,,,,,,"",
"DI.86_Val","DB703.DBX510.0",Boolean,1,R/W,100,,,,,,,,,,"",
"DI.86_Nch","DB703.INT512",Word,1,R/W,100,,,,,,,,,,"",
"DI.86_ImitOn","DB703.DBX514.0",Boolean,1,R/W,100,,,,,,,,,,"",
"DI.86_ImitOff","DB703.DBX514.1",Boolean,1,R/W,100,,,,,,,,,,"",
"DI.86_HotChange","DB703.DBX514.2",Boolean,1,R/W,100,,,,,,,,,,"",
"DI.87_Val","DB703.DBX516.0",Boolean,1,R/W,100,,,,,,,,,,"",
"DI.87_Nch","DB703.INT518",Word,1,R/W,100,,,,,,,,,,"",
"DI.87_ImitOn","DB703.DBX520.0",Boolean,1,R/W,100,,,,,,,,,,"",
"DI.87_ImitOff","DB703.DBX520.1",Boolean,1,R/W,100,,,,,,,,,,"",
"DI.87_HotChange","DB703.DBX520.2",Boolean,1,R/W,100,,,,,,,,,,"",
"DI.88_Val","DB703.DBX522.0",Boolean,1,R/W,100,,,,,,,,,,"",
"DI.88_Nch","DB703.INT524",Word,1,R/W,100,,,,,,,,,,"",
"DI.88_ImitOn","DB703.DBX526.0",Boolean,1,R/W,100,,,,,,,,,,"",
"DI.88_ImitOff","DB703.DBX526.1",Boolean,1,R/W,100,,,,,,,,,,"",
"DI.88_HotChange","DB703.DBX526.2",Boolean,1,R/W,100,,,,,,,,,,"",
"DI.89_Val","DB703.DBX528.0",Boolean,1,R/W,100,,,,,,,,,,"",
"DI.89_Nch","DB703.INT530",Word,1,R/W,100,,,,,,,,,,"",
"DI.89_ImitOn","DB703.DBX532.0",Boolean,1,R/W,100,,,,,,,,,,"",
"DI.89_ImitOff","DB703.DBX532.1",Boolean,1,R/W,100,,,,,,,,,,"",
"DI.89_HotChange","DB703.DBX532.2",Boolean,1,R/W,100,,,,,,,,,,"",
"DI.90_Val","DB703.DBX534.0",Boolean,1,R/W,100,,,,,,,,,,"",
"DI.90_Nch","DB703.INT536",Word,1,R/W,100,,,,,,,,,,"",
"DI.90_ImitOn","DB703.DBX538.0",Boolean,1,R/W,100,,,,,,,,,,"",
"DI.90_ImitOff","DB703.DBX538.1",Boolean,1,R/W,100,,,,,,,,,,"",
"DI.90_HotChange","DB703.DBX538.2",Boolean,1,R/W,100,,,,,,,,,,"",
"DI.91_Val","DB703.DBX540.0",Boolean,1,R/W,100,,,,,,,,,,"",
"DI.91_Nch","DB703.INT542",Word,1,R/W,100,,,,,,,,,,"",
"DI.91_ImitOn","DB703.DBX544.0",Boolean,1,R/W,100,,,,,,,,,,"",
"DI.91_ImitOff","DB703.DBX544.1",Boolean,1,R/W,100,,,,,,,,,,"",
"DI.91_HotChange","DB703.DBX544.2",Boolean,1,R/W,100,,,,,,,,,,"",
"DI.92_Val","DB703.DBX546.0",Boolean,1,R/W,100,,,,,,,,,,"",
"DI.92_Nch","DB703.INT548",Word,1,R/W,100,,,,,,,,,,"",
"DI.92_ImitOn","DB703.DBX550.0",Boolean,1,R/W,100,,,,,,,,,,"",
"DI.92_ImitOff","DB703.DBX550.1",Boolean,1,R/W,100,,,,,,,,,,"",
"DI.92_HotChange","DB703.DBX550.2",Boolean,1,R/W,100,,,,,,,,,,"",
"DI.93_Val","DB703.DBX552.0",Boolean,1,R/W,100,,,,,,,,,,"",
"DI.93_Nch","DB703.INT554",Word,1,R/W,100,,,,,,,,,,"",
"DI.93_ImitOn","DB703.DBX556.0",Boolean,1,R/W,100,,,,,,,,,,"",
"DI.93_ImitOff","DB703.DBX556.1",Boolean,1,R/W,100,,,,,,,,,,"",
"DI.93_HotChange","DB703.DBX556.2",Boolean,1,R/W,100,,,,,,,,,,"",
"DI.94_Val","DB703.DBX558.0",Boolean,1,R/W,100,,,,,,,,,,"",
"DI.94_Nch","DB703.INT560",Word,1,R/W,100,,,,,,,,,,"",
"DI.94_ImitOn","DB703.DBX562.0",Boolean,1,R/W,100,,,,,,,,,,"",
"DI.94_ImitOff","DB703.DBX562.1",Boolean,1,R/W,100,,,,,,,,,,"",
"DI.94_HotChange","DB703.DBX562.2",Boolean,1,R/W,100,,,,,,,,,,"",
"DI.95_Val","DB703.DBX564.0",Boolean,1,R/W,100,,,,,,,,,,"",
"DI.95_Nch","DB703.INT566",Word,1,R/W,100,,,,,,,,,,"",
"DI.95_ImitOn","DB703.DBX568.0",Boolean,1,R/W,100,,,,,,,,,,"",
"DI.95_ImitOff","DB703.DBX568.1",Boolean,1,R/W,100,,,,,,,,,,"",
"DI.95_HotChange","DB703.DBX568.2",Boolean,1,R/W,100,,,,,,,,,,"",
"DI.96_Val","DB703.DBX570.0",Boolean,1,R/W,100,,,,,,,,,,"",
"DI.96_Nch","DB703.INT572",Word,1,R/W,100,,,,,,,,,,"",
"DI.96_ImitOn","DB703.DBX574.0",Boolean,1,R/W,100,,,,,,,,,,"",
"DI.96_ImitOff","DB703.DBX574.1",Boolean,1,R/W,100,,,,,,,,,,"",
"DI.96_HotChange","DB703.DBX574.2",Boolean,1,R/W,100,,,,,,,,,,"",
"DI.97_Val","DB703.DBX576.0",Boolean,1,R/W,100,,,,,,,,,,"",
"DI.97_Nch","DB703.INT578",Word,1,R/W,100,,,,,,,,,,"",
"DI.97_ImitOn","DB703.DBX580.0",Boolean,1,R/W,100,,,,,,,,,,"",
"DI.97_ImitOff","DB703.DBX580.1",Boolean,1,R/W,100,,,,,,,,,,"",
"DI.97_HotChange","DB703.DBX580.2",Boolean,1,R/W,100,,,,,,,,,,"",
"DI.98_Val","DB703.DBX582.0",Boolean,1,R/W,100,,,,,,,,,,"",
"DI.98_Nch","DB703.INT584",Word,1,R/W,100,,,,,,,,,,"",
"DI.98_ImitOn","DB703.DBX586.0",Boolean,1,R/W,100,,,,,,,,,,"",
"DI.98_ImitOff","DB703.DBX586.1",Boolean,1,R/W,100,,,,,,,,,,"",
"DI.98_HotChange","DB703.DBX586.2",Boolean,1,R/W,100,,,,,,,,,,"",
"DI.99_Val","DB703.DBX588.0",Boolean,1,R/W,100,,,,,,,,,,"",
"DI.99_Nch","DB703.INT590",Word,1,R/W,100,,,,,,,,,,"",
"DI.99_ImitOn","DB703.DBX592.0",Boolean,1,R/W,100,,,,,,,,,,"",
"DI.99_ImitOff","DB703.DBX592.1",Boolean,1,R/W,100,,,,,,,,,,"",
"DI.99_HotChange","DB703.DBX592.2",Boolean,1,R/W,100,,,,,,,,,,"",
"DI.100_Val","DB703.DBX594.0",Boolean,1,R/W,100,,,,,,,,,,"",
"DI.100_Nch","DB703.INT596",Word,1,R/W,100,,,,,,,,,,"",
"DI.100_ImitOn","DB703.DBX598.0",Boolean,1,R/W,100,,,,,,,,,,"",
"DI.100_ImitOff","DB703.DBX598.1",Boolean,1,R/W,100,,,,,,,,,,"",
"DI.100_HotChange","DB703.DBX598.2",Boolean,1,R/W,100,,,,,,,,,,"",
"DI.101_Val","DB703.DBX600.0",Boolean,1,R/W,100,,,,,,,,,,"",
"DI.101_Nch","DB703.INT602",Word,1,R/W,100,,,,,,,,,,"",
"DI.101_ImitOn","DB703.DBX604.0",Boolean,1,R/W,100,,,,,,,,,,"",
"DI.101_ImitOff","DB703.DBX604.1",Boolean,1,R/W,100,,,,,,,,,,"",
"DI.101_HotChange","DB703.DBX604.2",Boolean,1,R/W,100,,,,,,,,,,"",
"DI.102_Val","DB703.DBX606.0",Boolean,1,R/W,100,,,,,,,,,,"",
"DI.102_Nch","DB703.INT608",Word,1,R/W,100,,,,,,,,,,"",
"DI.102_ImitOn","DB703.DBX610.0",Boolean,1,R/W,100,,,,,,,,,,"",
"DI.102_ImitOff","DB703.DBX610.1",Boolean,1,R/W,100,,,,,,,,,,"",
"DI.102_HotChange","DB703.DBX610.2",Boolean,1,R/W,100,,,,,,,,,,"",
"DI.103_Val","DB703.DBX612.0",Boolean,1,R/W,100,,,,,,,,,,"",
"DI.103_Nch","DB703.INT614",Word,1,R/W,100,,,,,,,,,,"",
"DI.103_ImitOn","DB703.DBX616.0",Boolean,1,R/W,100,,,,,,,,,,"",
"DI.103_ImitOff","DB703.DBX616.1",Boolean,1,R/W,100,,,,,,,,,,"",
"DI.103_HotChange","DB703.DBX616.2",Boolean,1,R/W,100,,,,,,,,,,"",
"DI.104_Val","DB703.DBX618.0",Boolean,1,R/W,100,,,,,,,,,,"",
"DI.104_Nch","DB703.INT620",Word,1,R/W,100,,,,,,,,,,"",
"DI.104_ImitOn","DB703.DBX622.0",Boolean,1,R/W,100,,,,,,,,,,"",
"DI.104_ImitOff","DB703.DBX622.1",Boolean,1,R/W,100,,,,,,,,,,"",
"DI.104_HotChange","DB703.DBX622.2",Boolean,1,R/W,100,,,,,,,,,,"",
"DI.105_Val","DB703.DBX624.0",Boolean,1,R/W,100,,,,,,,,,,"",
"DI.105_Nch","DB703.INT626",Word,1,R/W,100,,,,,,,,,,"",
"DI.105_ImitOn","DB703.DBX628.0",Boolean,1,R/W,100,,,,,,,,,,"",
"DI.105_ImitOff","DB703.DBX628.1",Boolean,1,R/W,100,,,,,,,,,,"",
"DI.105_HotChange","DB703.DBX628.2",Boolean,1,R/W,100,,,,,,,,,,"",
"DI.106_Val","DB703.DBX630.0",Boolean,1,R/W,100,,,,,,,,,,"",
"DI.106_Nch","DB703.INT632",Word,1,R/W,100,,,,,,,,,,"",
"DI.106_ImitOn","DB703.DBX634.0",Boolean,1,R/W,100,,,,,,,,,,"",
"DI.106_ImitOff","DB703.DBX634.1",Boolean,1,R/W,100,,,,,,,,,,"",
"DI.106_HotChange","DB703.DBX634.2",Boolean,1,R/W,100,,,,,,,,,,"",
"DI.107_Val","DB703.DBX636.0",Boolean,1,R/W,100,,,,,,,,,,"",
"DI.107_Nch","DB703.INT638",Word,1,R/W,100,,,,,,,,,,"",
"DI.107_ImitOn","DB703.DBX640.0",Boolean,1,R/W,100,,,,,,,,,,"",
"DI.107_ImitOff","DB703.DBX640.1",Boolean,1,R/W,100,,,,,,,,,,"",
"DI.107_HotChange","DB703.DBX640.2",Boolean,1,R/W,100,,,,,,,,,,"",
"DI.108_Val","DB703.DBX642.0",Boolean,1,R/W,100,,,,,,,,,,"",
"DI.108_Nch","DB703.INT644",Word,1,R/W,100,,,,,,,,,,"",
"DI.108_ImitOn","DB703.DBX646.0",Boolean,1,R/W,100,,,,,,,,,,"",
"DI.108_ImitOff","DB703.DBX646.1",Boolean,1,R/W,100,,,,,,,,,,"",
"DI.108_HotChange","DB703.DBX646.2",Boolean,1,R/W,100,,,,,,,,,,"",
"DI.109_Val","DB703.DBX648.0",Boolean,1,R/W,100,,,,,,,,,,"",
"DI.109_Nch","DB703.INT650",Word,1,R/W,100,,,,,,,,,,"",
"DI.109_ImitOn","DB703.DBX652.0",Boolean,1,R/W,100,,,,,,,,,,"",
"DI.109_ImitOff","DB703.DBX652.1",Boolean,1,R/W,100,,,,,,,,,,"",
"DI.109_HotChange","DB703.DBX652.2",Boolean,1,R/W,100,,,,,,,,,,"",
"DI.110_Val","DB703.DBX654.0",Boolean,1,R/W,100,,,,,,,,,,"",
"DI.110_Nch","DB703.INT656",Word,1,R/W,100,,,,,,,,,,"",
"DI.110_ImitOn","DB703.DBX658.0",Boolean,1,R/W,100,,,,,,,,,,"",
"DI.110_ImitOff","DB703.DBX658.1",Boolean,1,R/W,100,,,,,,,,,,"",
"DI.110_HotChange","DB703.DBX658.2",Boolean,1,R/W,100,,,,,,,,,,"",
"DI.111_Val","DB703.DBX660.0",Boolean,1,R/W,100,,,,,,,,,,"",
"DI.111_Nch","DB703.INT662",Word,1,R/W,100,,,,,,,,,,"",
"DI.111_ImitOn","DB703.DBX664.0",Boolean,1,R/W,100,,,,,,,,,,"",
"DI.111_ImitOff","DB703.DBX664.1",Boolean,1,R/W,100,,,,,,,,,,"",
"DI.111_HotChange","DB703.DBX664.2",Boolean,1,R/W,100,,,,,,,,,,"",
"DI.112_Val","DB703.DBX666.0",Boolean,1,R/W,100,,,,,,,,,,"",
"DI.112_Nch","DB703.INT668",Word,1,R/W,100,,,,,,,,,,"",
"DI.112_ImitOn","DB703.DBX670.0",Boolean,1,R/W,100,,,,,,,,,,"",
"DI.112_ImitOff","DB703.DBX670.1",Boolean,1,R/W,100,,,,,,,,,,"",
"DI.112_HotChange","DB703.DBX670.2",Boolean,1,R/W,100,,,,,,,,,,"",
"DI.113_Val","DB703.DBX672.0",Boolean,1,R/W,100,,,,,,,,,,"",
"DI.113_Nch","DB703.INT674",Word,1,R/W,100,,,,,,,,,,"",
"DI.113_ImitOn","DB703.DBX676.0",Boolean,1,R/W,100,,,,,,,,,,"",
"DI.113_ImitOff","DB703.DBX676.1",Boolean,1,R/W,100,,,,,,,,,,"",
"DI.113_HotChange","DB703.DBX676.2",Boolean,1,R/W,100,,,,,,,,,,"",
"DI.114_Val","DB703.DBX678.0",Boolean,1,R/W,100,,,,,,,,,,"",
"DI.114_Nch","DB703.INT680",Word,1,R/W,100,,,,,,,,,,"",
"DI.114_ImitOn","DB703.DBX682.0",Boolean,1,R/W,100,,,,,,,,,,"",
"DI.114_ImitOff","DB703.DBX682.1",Boolean,1,R/W,100,,,,,,,,,,"",
"DI.114_HotChange","DB703.DBX682.2",Boolean,1,R/W,100,,,,,,,,,,"",
"DI.115_Val","DB703.DBX684.0",Boolean,1,R/W,100,,,,,,,,,,"",
"DI.115_Nch","DB703.INT686",Word,1,R/W,100,,,,,,,,,,"",
"DI.115_ImitOn","DB703.DBX688.0",Boolean,1,R/W,100,,,,,,,,,,"",
"DI.115_ImitOff","DB703.DBX688.1",Boolean,1,R/W,100,,,,,,,,,,"",
"DI.115_HotChange","DB703.DBX688.2",Boolean,1,R/W,100,,,,,,,,,,"",
"DI.116_Val","DB703.DBX690.0",Boolean,1,R/W,100,,,,,,,,,,"",
"DI.116_Nch","DB703.INT692",Word,1,R/W,100,,,,,,,,,,"",
"DI.116_ImitOn","DB703.DBX694.0",Boolean,1,R/W,100,,,,,,,,,,"",
"DI.116_ImitOff","DB703.DBX694.1",Boolean,1,R/W,100,,,,,,,,,,"",
"DI.116_HotChange","DB703.DBX694.2",Boolean,1,R/W,100,,,,,,,,,,"",
"DI.117_Val","DB703.DBX696.0",Boolean,1,R/W,100,,,,,,,,,,"",
"DI.117_Nch","DB703.INT698",Word,1,R/W,100,,,,,,,,,,"",
"DI.117_ImitOn","DB703.DBX700.0",Boolean,1,R/W,100,,,,,,,,,,"",
"DI.117_ImitOff","DB703.DBX700.1",Boolean,1,R/W,100,,,,,,,,,,"",
"DI.117_HotChange","DB703.DBX700.2",Boolean,1,R/W,100,,,,,,,,,,"",
"DI.118_Val","DB703.DBX702.0",Boolean,1,R/W,100,,,,,,,,,,"",
"DI.118_Nch","DB703.INT704",Word,1,R/W,100,,,,,,,,,,"",
"DI.118_ImitOn","DB703.DBX706.0",Boolean,1,R/W,100,,,,,,,,,,"",
"DI.118_ImitOff","DB703.DBX706.1",Boolean,1,R/W,100,,,,,,,,,,"",
"DI.118_HotChange","DB703.DBX706.2",Boolean,1,R/W,100,,,,,,,,,,"",
"DI.119_Val","DB703.DBX708.0",Boolean,1,R/W,100,,,,,,,,,,"",
"DI.119_Nch","DB703.INT710",Word,1,R/W,100,,,,,,,,,,"",
"DI.119_ImitOn","DB703.DBX712.0",Boolean,1,R/W,100,,,,,,,,,,"",
"DI.119_ImitOff","DB703.DBX712.1",Boolean,1,R/W,100,,,,,,,,,,"",
"DI.119_HotChange","DB703.DBX712.2",Boolean,1,R/W,100,,,,,,,,,,"",
"DI.120_Val","DB703.DBX714.0",Boolean,1,R/W,100,,,,,,,,,,"",
"DI.120_Nch","DB703.INT716",Word,1,R/W,100,,,,,,,,,,"",
"DI.120_ImitOn","DB703.DBX718.0",Boolean,1,R/W,100,,,,,,,,,,"",
"DI.120_ImitOff","DB703.DBX718.1",Boolean,1,R/W,100,,,,,,,,,,"",
"DI.120_HotChange","DB703.DBX718.2",Boolean,1,R/W,100,,,,,,,,,,"",
"DI.121_Val","DB703.DBX720.0",Boolean,1,R/W,100,,,,,,,,,,"",
"DI.121_Nch","DB703.INT722",Word,1,R/W,100,,,,,,,,,,"",
"DI.121_ImitOn","DB703.DBX724.0",Boolean,1,R/W,100,,,,,,,,,,"",
"DI.121_ImitOff","DB703.DBX724.1",Boolean,1,R/W,100,,,,,,,,,,"",
"DI.121_HotChange","DB703.DBX724.2",Boolean,1,R/W,100,,,,,,,,,,"",
"DI.122_Val","DB703.DBX726.0",Boolean,1,R/W,100,,,,,,,,,,"",
"DI.122_Nch","DB703.INT728",Word,1,R/W,100,,,,,,,,,,"",
"DI.122_ImitOn","DB703.DBX730.0",Boolean,1,R/W,100,,,,,,,,,,"",
"DI.122_ImitOff","DB703.DBX730.1",Boolean,1,R/W,100,,,,,,,,,,"",
"DI.122_HotChange","DB703.DBX730.2",Boolean,1,R/W,100,,,,,,,,,,"",
"DI.123_Val","DB703.DBX732.0",Boolean,1,R/W,100,,,,,,,,,,"",
"DI.123_Nch","DB703.INT734",Word,1,R/W,100,,,,,,,,,,"",
"DI.123_ImitOn","DB703.DBX736.0",Boolean,1,R/W,100,,,,,,,,,,"",
"DI.123_ImitOff","DB703.DBX736.1",Boolean,1,R/W,100,,,,,,,,,,"",
"DI.123_HotChange","DB703.DBX736.2",Boolean,1,R/W,100,,,,,,,,,,"",
"DI.124_Val","DB703.DBX738.0",Boolean,1,R/W,100,,,,,,,,,,"",
"DI.124_Nch","DB703.INT740",Word,1,R/W,100,,,,,,,,,,"",
"DI.124_ImitOn","DB703.DBX742.0",Boolean,1,R/W,100,,,,,,,,,,"",
"DI.124_ImitOff","DB703.DBX742.1",Boolean,1,R/W,100,,,,,,,,,,"",
"DI.124_HotChange","DB703.DBX742.2",Boolean,1,R/W,100,,,,,,,,,,"",
"DI.125_Val","DB703.DBX744.0",Boolean,1,R/W,100,,,,,,,,,,"",
"DI.125_Nch","DB703.INT746",Word,1,R/W,100,,,,,,,,,,"",
"DI.125_ImitOn","DB703.DBX748.0",Boolean,1,R/W,100,,,,,,,,,,"",
"DI.125_ImitOff","DB703.DBX748.1",Boolean,1,R/W,100,,,,,,,,,,"",
"DI.125_HotChange","DB703.DBX748.2",Boolean,1,R/W,100,,,,,,,,,,"",
"DI.126_Val","DB703.DBX750.0",Boolean,1,R/W,100,,,,,,,,,,"",
"DI.126_Nch","DB703.INT752",Word,1,R/W,100,,,,,,,,,,"",
"DI.126_ImitOn","DB703.DBX754.0",Boolean,1,R/W,100,,,,,,,,,,"",
"DI.126_ImitOff","DB703.DBX754.1",Boolean,1,R/W,100,,,,,,,,,,"",
"DI.126_HotChange","DB703.DBX754.2",Boolean,1,R/W,100,,,,,,,,,,"",
"DI.127_Val","DB703.DBX756.0",Boolean,1,R/W,100,,,,,,,,,,"",
"DI.127_Nch","DB703.INT758",Word,1,R/W,100,,,,,,,,,,"",
"DI.127_ImitOn","DB703.DBX760.0",Boolean,1,R/W,100,,,,,,,,,,"",
"DI.127_ImitOff","DB703.DBX760.1",Boolean,1,R/W,100,,,,,,,,,,"",
"DI.127_HotChange","DB703.DBX760.2",Boolean,1,R/W,100,,,,,,,,,,"",
"DI.128_Val","DB703.DBX762.0",Boolean,1,R/W,100,,,,,,,,,,"",
"DI.128_Nch","DB703.INT764",Word,1,R/W,100,,,,,,,,,,"",
"DI.128_ImitOn","DB703.DBX766.0",Boolean,1,R/W,100,,,,,,,,,,"",
"DI.128_ImitOff","DB703.DBX766.1",Boolean,1,R/W,100,,,,,,,,,,"",
"DI.128_HotChange","DB703.DBX766.2",Boolean,1,R/W,100,,,,,,,,,,"",
"DI.129_Val","DB703.DBX768.0",Boolean,1,R/W,100,,,,,,,,,,"",
"DI.129_Nch","DB703.INT770",Word,1,R/W,100,,,,,,,,,,"",
"DI.129_ImitOn","DB703.DBX772.0",Boolean,1,R/W,100,,,,,,,,,,"",
"DI.129_ImitOff","DB703.DBX772.1",Boolean,1,R/W,100,,,,,,,,,,"",
"DI.129_HotChange","DB703.DBX772.2",Boolean,1,R/W,100,,,,,,,,,,"",
"DI.130_Val","DB703.DBX774.0",Boolean,1,R/W,100,,,,,,,,,,"",
"DI.130_Nch","DB703.INT776",Word,1,R/W,100,,,,,,,,,,"",
"DI.130_ImitOn","DB703.DBX778.0",Boolean,1,R/W,100,,,,,,,,,,"",
"DI.130_ImitOff","DB703.DBX778.1",Boolean,1,R/W,100,,,,,,,,,,"",
"DI.130_HotChange","DB703.DBX778.2",Boolean,1,R/W,100,,,,,,,,,,"",
"DI.131_Val","DB703.DBX780.0",Boolean,1,R/W,100,,,,,,,,,,"",
"DI.131_Nch","DB703.INT782",Word,1,R/W,100,,,,,,,,,,"",
"DI.131_ImitOn","DB703.DBX784.0",Boolean,1,R/W,100,,,,,,,,,,"",
"DI.131_ImitOff","DB703.DBX784.1",Boolean,1,R/W,100,,,,,,,,,,"",
"DI.131_HotChange","DB703.DBX784.2",Boolean,1,R/W,100,,,,,,,,,,"",
"DI.132_Val","DB703.DBX786.0",Boolean,1,R/W,100,,,,,,,,,,"",
"DI.132_Nch","DB703.INT788",Word,1,R/W,100,,,,,,,,,,"",
"DI.132_ImitOn","DB703.DBX790.0",Boolean,1,R/W,100,,,,,,,,,,"",
"DI.132_ImitOff","DB703.DBX790.1",Boolean,1,R/W,100,,,,,,,,,,"",
"DI.132_HotChange","DB703.DBX790.2",Boolean,1,R/W,100,,,,,,,,,,"",
"DI.133_Val","DB703.DBX792.0",Boolean,1,R/W,100,,,,,,,,,,"",
"DI.133_Nch","DB703.INT794",Word,1,R/W,100,,,,,,,,,,"",
"DI.133_ImitOn","DB703.DBX796.0",Boolean,1,R/W,100,,,,,,,,,,"",
"DI.133_ImitOff","DB703.DBX796.1",Boolean,1,R/W,100,,,,,,,,,,"",
"DI.133_HotChange","DB703.DBX796.2",Boolean,1,R/W,100,,,,,,,,,,"",
"DI.134_Val","DB703.DBX798.0",Boolean,1,R/W,100,,,,,,,,,,"",
"DI.134_Nch","DB703.INT800",Word,1,R/W,100,,,,,,,,,,"",
"DI.134_ImitOn","DB703.DBX802.0",Boolean,1,R/W,100,,,,,,,,,,"",
"DI.134_ImitOff","DB703.DBX802.1",Boolean,1,R/W,100,,,,,,,,,,"",
"DI.134_HotChange","DB703.DBX802.2",Boolean,1,R/W,100,,,,,,,,,,"",
"DI.135_Val","DB703.DBX804.0",Boolean,1,R/W,100,,,,,,,,,,"",
"DI.135_Nch","DB703.INT806",Word,1,R/W,100,,,,,,,,,,"",
"DI.135_ImitOn","DB703.DBX808.0",Boolean,1,R/W,100,,,,,,,,,,"",
"DI.135_ImitOff","DB703.DBX808.1",Boolean,1,R/W,100,,,,,,,,,,"",
"DI.135_HotChange","DB703.DBX808.2",Boolean,1,R/W,100,,,,,,,,,,"",
"DI.136_Val","DB703.DBX810.0",Boolean,1,R/W,100,,,,,,,,,,"",
"DI.136_Nch","DB703.INT812",Word,1,R/W,100,,,,,,,,,,"",
"DI.136_ImitOn","DB703.DBX814.0",Boolean,1,R/W,100,,,,,,,,,,"",
"DI.136_ImitOff","DB703.DBX814.1",Boolean,1,R/W,100,,,,,,,,,,"",
"DI.136_HotChange","DB703.DBX814.2",Boolean,1,R/W,100,,,,,,,,,,"",
"DI.137_Val","DB703.DBX816.0",Boolean,1,R/W,100,,,,,,,,,,"",
"DI.137_Nch","DB703.INT818",Word,1,R/W,100,,,,,,,,,,"",
"DI.137_ImitOn","DB703.DBX820.0",Boolean,1,R/W,100,,,,,,,,,,"",
"DI.137_ImitOff","DB703.DBX820.1",Boolean,1,R/W,100,,,,,,,,,,"",
"DI.137_HotChange","DB703.DBX820.2",Boolean,1,R/W,100,,,,,,,,,,"",
"DI.138_Val","DB703.DBX822.0",Boolean,1,R/W,100,,,,,,,,,,"",
"DI.138_Nch","DB703.INT824",Word,1,R/W,100,,,,,,,,,,"",
"DI.138_ImitOn","DB703.DBX826.0",Boolean,1,R/W,100,,,,,,,,,,"",
"DI.138_ImitOff","DB703.DBX826.1",Boolean,1,R/W,100,,,,,,,,,,"",
"DI.138_HotChange","DB703.DBX826.2",Boolean,1,R/W,100,,,,,,,,,,"",
"DI.139_Val","DB703.DBX828.0",Boolean,1,R/W,100,,,,,,,,,,"",
"DI.139_Nch","DB703.INT830",Word,1,R/W,100,,,,,,,,,,"",
"DI.139_ImitOn","DB703.DBX832.0",Boolean,1,R/W,100,,,,,,,,,,"",
"DI.139_ImitOff","DB703.DBX832.1",Boolean,1,R/W,100,,,,,,,,,,"",
"DI.139_HotChange","DB703.DBX832.2",Boolean,1,R/W,100,,,,,,,,,,"",
"DI.140_Val","DB703.DBX834.0",Boolean,1,R/W,100,,,,,,,,,,"",
"DI.140_Nch","DB703.INT836",Word,1,R/W,100,,,,,,,,,,"",
"DI.140_ImitOn","DB703.DBX838.0",Boolean,1,R/W,100,,,,,,,,,,"",
"DI.140_ImitOff","DB703.DBX838.1",Boolean,1,R/W,100,,,,,,,,,,"",
"DI.140_HotChange","DB703.DBX838.2",Boolean,1,R/W,100,,,,,,,,,,"",
"DI.141_Val","DB703.DBX840.0",Boolean,1,R/W,100,,,,,,,,,,"",
"DI.141_Nch","DB703.INT842",Word,1,R/W,100,,,,,,,,,,"",
"DI.141_ImitOn","DB703.DBX844.0",Boolean,1,R/W,100,,,,,,,,,,"",
"DI.141_ImitOff","DB703.DBX844.1",Boolean,1,R/W,100,,,,,,,,,,"",
"DI.141_HotChange","DB703.DBX844.2",Boolean,1,R/W,100,,,,,,,,,,"",
"DI.142_Val","DB703.DBX846.0",Boolean,1,R/W,100,,,,,,,,,,"",
"DI.142_Nch","DB703.INT848",Word,1,R/W,100,,,,,,,,,,"",
"DI.142_ImitOn","DB703.DBX850.0",Boolean,1,R/W,100,,,,,,,,,,"",
"DI.142_ImitOff","DB703.DBX850.1",Boolean,1,R/W,100,,,,,,,,,,"",
"DI.142_HotChange","DB703.DBX850.2",Boolean,1,R/W,100,,,,,,,,,,"",
"DI.143_Val","DB703.DBX852.0",Boolean,1,R/W,100,,,,,,,,,,"",
"DI.143_Nch","DB703.INT854",Word,1,R/W,100,,,,,,,,,,"",
"DI.143_ImitOn","DB703.DBX856.0",Boolean,1,R/W,100,,,,,,,,,,"",
"DI.143_ImitOff","DB703.DBX856.1",Boolean,1,R/W,100,,,,,,,,,,"",
"DI.143_HotChange","DB703.DBX856.2",Boolean,1,R/W,100,,,,,,,,,,"",
"DI.144_Val","DB703.DBX858.0",Boolean,1,R/W,100,,,,,,,,,,"",
"DI.144_Nch","DB703.INT860",Word,1,R/W,100,,,,,,,,,,"",
"DI.144_ImitOn","DB703.DBX862.0",Boolean,1,R/W,100,,,,,,,,,,"",
"DI.144_ImitOff","DB703.DBX862.1",Boolean,1,R/W,100,,,,,,,,,,"",
"DI.144_HotChange","DB703.DBX862.2",Boolean,1,R/W,100,,,,,,,,,,"",
"DI.145_Val","DB703.DBX864.0",Boolean,1,R/W,100,,,,,,,,,,"",
"DI.145_Nch","DB703.INT866",Word,1,R/W,100,,,,,,,,,,"",
"DI.145_ImitOn","DB703.DBX868.0",Boolean,1,R/W,100,,,,,,,,,,"",
"DI.145_ImitOff","DB703.DBX868.1",Boolean,1,R/W,100,,,,,,,,,,"",
"DI.145_HotChange","DB703.DBX868.2",Boolean,1,R/W,100,,,,,,,,,,"",
"DI.146_Val","DB703.DBX870.0",Boolean,1,R/W,100,,,,,,,,,,"",
"DI.146_Nch","DB703.INT872",Word,1,R/W,100,,,,,,,,,,"",
"DI.146_ImitOn","DB703.DBX874.0",Boolean,1,R/W,100,,,,,,,,,,"",
"DI.146_ImitOff","DB703.DBX874.1",Boolean,1,R/W,100,,,,,,,,,,"",
"DI.146_HotChange","DB703.DBX874.2",Boolean,1,R/W,100,,,,,,,,,,"",
"DI.147_Val","DB703.DBX876.0",Boolean,1,R/W,100,,,,,,,,,,"",
"DI.147_Nch","DB703.INT878",Word,1,R/W,100,,,,,,,,,,"",
"DI.147_ImitOn","DB703.DBX880.0",Boolean,1,R/W,100,,,,,,,,,,"",
"DI.147_ImitOff","DB703.DBX880.1",Boolean,1,R/W,100,,,,,,,,,,"",
"DI.147_HotChange","DB703.DBX880.2",Boolean,1,R/W,100,,,,,,,,,,"",
"DI.148_Val","DB703.DBX882.0",Boolean,1,R/W,100,,,,,,,,,,"",
"DI.148_Nch","DB703.INT884",Word,1,R/W,100,,,,,,,,,,"",
"DI.148_ImitOn","DB703.DBX886.0",Boolean,1,R/W,100,,,,,,,,,,"",
"DI.148_ImitOff","DB703.DBX886.1",Boolean,1,R/W,100,,,,,,,,,,"",
"DI.148_HotChange","DB703.DBX886.2",Boolean,1,R/W,100,,,,,,,,,,"",
"DI.149_Val","DB703.DBX888.0",Boolean,1,R/W,100,,,,,,,,,,"",
"DI.149_Nch","DB703.INT890",Word,1,R/W,100,,,,,,,,,,"",
"DI.149_ImitOn","DB703.DBX892.0",Boolean,1,R/W,100,,,,,,,,,,"",
"DI.149_ImitOff","DB703.DBX892.1",Boolean,1,R/W,100,,,,,,,,,,"",
"DI.149_HotChange","DB703.DBX892.2",Boolean,1,R/W,100,,,,,,,,,,"",
"DI.150_Val","DB703.DBX894.0",Boolean,1,R/W,100,,,,,,,,,,"",
"DI.150_Nch","DB703.INT896",Word,1,R/W,100,,,,,,,,,,"",
"DI.150_ImitOn","DB703.DBX898.0",Boolean,1,R/W,100,,,,,,,,,,"",
"DI.150_ImitOff","DB703.DBX898.1",Boolean,1,R/W,100,,,,,,,,,,"",
"DI.150_HotChange","DB703.DBX898.2",Boolean,1,R/W,100,,,,,,,,,,"",
"DI.151_Val","DB703.DBX900.0",Boolean,1,R/W,100,,,,,,,,,,"",
"DI.151_Nch","DB703.INT902",Word,1,R/W,100,,,,,,,,,,"",
"DI.151_ImitOn","DB703.DBX904.0",Boolean,1,R/W,100,,,,,,,,,,"",
"DI.151_ImitOff","DB703.DBX904.1",Boolean,1,R/W,100,,,,,,,,,,"",
"DI.151_HotChange","DB703.DBX904.2",Boolean,1,R/W,100,,,,,,,,,,"",
"DI.152_Val","DB703.DBX906.0",Boolean,1,R/W,100,,,,,,,,,,"",
"DI.152_Nch","DB703.INT908",Word,1,R/W,100,,,,,,,,,,"",
"DI.152_ImitOn","DB703.DBX910.0",Boolean,1,R/W,100,,,,,,,,,,"",
"DI.152_ImitOff","DB703.DBX910.1",Boolean,1,R/W,100,,,,,,,,,,"",
"DI.152_HotChange","DB703.DBX910.2",Boolean,1,R/W,100,,,,,,,,,,"",
"DI.153_Val","DB703.DBX912.0",Boolean,1,R/W,100,,,,,,,,,,"",
"DI.153_Nch","DB703.INT914",Word,1,R/W,100,,,,,,,,,,"",
"DI.153_ImitOn","DB703.DBX916.0",Boolean,1,R/W,100,,,,,,,,,,"",
"DI.153_ImitOff","DB703.DBX916.1",Boolean,1,R/W,100,,,,,,,,,,"",
"DI.153_HotChange","DB703.DBX916.2",Boolean,1,R/W,100,,,,,,,,,,"",
"DI.154_Val","DB703.DBX918.0",Boolean,1,R/W,100,,,,,,,,,,"",
"DI.154_Nch","DB703.INT920",Word,1,R/W,100,,,,,,,,,,"",
"DI.154_ImitOn","DB703.DBX922.0",Boolean,1,R/W,100,,,,,,,,,,"",
"DI.154_ImitOff","DB703.DBX922.1",Boolean,1,R/W,100,,,,,,,,,,"",
"DI.154_HotChange","DB703.DBX922.2",Boolean,1,R/W,100,,,,,,,,,,"",
"DI.155_Val","DB703.DBX924.0",Boolean,1,R/W,100,,,,,,,,,,"",
"DI.155_Nch","DB703.INT926",Word,1,R/W,100,,,,,,,,,,"",
"DI.155_ImitOn","DB703.DBX928.0",Boolean,1,R/W,100,,,,,,,,,,"",
"DI.155_ImitOff","DB703.DBX928.1",Boolean,1,R/W,100,,,,,,,,,,"",
"DI.155_HotChange","DB703.DBX928.2",Boolean,1,R/W,100,,,,,,,,,,"",
"DI.156_Val","DB703.DBX930.0",Boolean,1,R/W,100,,,,,,,,,,"",
"DI.156_Nch","DB703.INT932",Word,1,R/W,100,,,,,,,,,,"",
"DI.156_ImitOn","DB703.DBX934.0",Boolean,1,R/W,100,,,,,,,,,,"",
"DI.156_ImitOff","DB703.DBX934.1",Boolean,1,R/W,100,,,,,,,,,,"",
"DI.156_HotChange","DB703.DBX934.2",Boolean,1,R/W,100,,,,,,,,,,"",
"DI.157_Val","DB703.DBX936.0",Boolean,1,R/W,100,,,,,,,,,,"",
"DI.157_Nch","DB703.INT938",Word,1,R/W,100,,,,,,,,,,"",
"DI.157_ImitOn","DB703.DBX940.0",Boolean,1,R/W,100,,,,,,,,,,"",
"DI.157_ImitOff","DB703.DBX940.1",Boolean,1,R/W,100,,,,,,,,,,"",
"DI.157_HotChange","DB703.DBX940.2",Boolean,1,R/W,100,,,,,,,,,,"",
"DI.158_Val","DB703.DBX942.0",Boolean,1,R/W,100,,,,,,,,,,"",
"DI.158_Nch","DB703.INT944",Word,1,R/W,100,,,,,,,,,,"",
"DI.158_ImitOn","DB703.DBX946.0",Boolean,1,R/W,100,,,,,,,,,,"",
"DI.158_ImitOff","DB703.DBX946.1",Boolean,1,R/W,100,,,,,,,,,,"",
"DI.158_HotChange","DB703.DBX946.2",Boolean,1,R/W,100,,,,,,,,,,"",
"DI.159_Val","DB703.DBX948.0",Boolean,1,R/W,100,,,,,,,,,,"",
"DI.159_Nch","DB703.INT950",Word,1,R/W,100,,,,,,,,,,"",
"DI.159_ImitOn","DB703.DBX952.0",Boolean,1,R/W,100,,,,,,,,,,"",
"DI.159_ImitOff","DB703.DBX952.1",Boolean,1,R/W,100,,,,,,,,,,"",
"DI.159_HotChange","DB703.DBX952.2",Boolean,1,R/W,100,,,,,,,,,,"",
"DI.160_Val","DB703.DBX954.0",Boolean,1,R/W,100,,,,,,,,,,"",
"DI.160_Nch","DB703.INT956",Word,1,R/W,100,,,,,,,,,,"",
"DI.160_ImitOn","DB703.DBX958.0",Boolean,1,R/W,100,,,,,,,,,,"",
"DI.160_ImitOff","DB703.DBX958.1",Boolean,1,R/W,100,,,,,,,,,,"",
"DI.160_HotChange","DB703.DBX958.2",Boolean,1,R/W,100,,,,,,,,,,"",
"DI.161_Val","DB703.DBX960.0",Boolean,1,R/W,100,,,,,,,,,,"",
"DI.161_Nch","DB703.INT962",Word,1,R/W,100,,,,,,,,,,"",
"DI.161_ImitOn","DB703.DBX964.0",Boolean,1,R/W,100,,,,,,,,,,"",
"DI.161_ImitOff","DB703.DBX964.1",Boolean,1,R/W,100,,,,,,,,,,"",
"DI.161_HotChange","DB703.DBX964.2",Boolean,1,R/W,100,,,,,,,,,,"",
"DI.162_Val","DB703.DBX966.0",Boolean,1,R/W,100,,,,,,,,,,"",
"DI.162_Nch","DB703.INT968",Word,1,R/W,100,,,,,,,,,,"",
"DI.162_ImitOn","DB703.DBX970.0",Boolean,1,R/W,100,,,,,,,,,,"",
"DI.162_ImitOff","DB703.DBX970.1",Boolean,1,R/W,100,,,,,,,,,,"",
"DI.162_HotChange","DB703.DBX970.2",Boolean,1,R/W,100,,,,,,,,,,"",
"DI.163_Val","DB703.DBX972.0",Boolean,1,R/W,100,,,,,,,,,,"",
"DI.163_Nch","DB703.INT974",Word,1,R/W,100,,,,,,,,,,"",
"DI.163_ImitOn","DB703.DBX976.0",Boolean,1,R/W,100,,,,,,,,,,"",
"DI.163_ImitOff","DB703.DBX976.1",Boolean,1,R/W,100,,,,,,,,,,"",
"DI.163_HotChange","DB703.DBX976.2",Boolean,1,R/W,100,,,,,,,,,,"",
"DI.164_Val","DB703.DBX978.0",Boolean,1,R/W,100,,,,,,,,,,"",
"DI.164_Nch","DB703.INT980",Word,1,R/W,100,,,,,,,,,,"",
"DI.164_ImitOn","DB703.DBX982.0",Boolean,1,R/W,100,,,,,,,,,,"",
"DI.164_ImitOff","DB703.DBX982.1",Boolean,1,R/W,100,,,,,,,,,,"",
"DI.164_HotChange","DB703.DBX982.2",Boolean,1,R/W,100,,,,,,,,,,"",
"DI.165_Val","DB703.DBX984.0",Boolean,1,R/W,100,,,,,,,,,,"",
"DI.165_Nch","DB703.INT986",Word,1,R/W,100,,,,,,,,,,"",
"DI.165_ImitOn","DB703.DBX988.0",Boolean,1,R/W,100,,,,,,,,,,"",
"DI.165_ImitOff","DB703.DBX988.1",Boolean,1,R/W,100,,,,,,,,,,"",
"DI.165_HotChange","DB703.DBX988.2",Boolean,1,R/W,100,,,,,,,,,,"",
"DI.166_Val","DB703.DBX990.0",Boolean,1,R/W,100,,,,,,,,,,"",
"DI.166_Nch","DB703.INT992",Word,1,R/W,100,,,,,,,,,,"",
"DI.166_ImitOn","DB703.DBX994.0",Boolean,1,R/W,100,,,,,,,,,,"",
"DI.166_ImitOff","DB703.DBX994.1",Boolean,1,R/W,100,,,,,,,,,,"",
"DI.166_HotChange","DB703.DBX994.2",Boolean,1,R/W,100,,,,,,,,,,"",
"DI.167_Val","DB703.DBX996.0",Boolean,1,R/W,100,,,,,,,,,,"",
"DI.167_Nch","DB703.INT998",Word,1,R/W,100,,,,,,,,,,"",
"DI.167_ImitOn","DB703.DBX1000.0",Boolean,1,R/W,100,,,,,,,,,,"",
"DI.167_ImitOff","DB703.DBX1000.1",Boolean,1,R/W,100,,,,,,,,,,"",
"DI.167_HotChange","DB703.DBX1000.2",Boolean,1,R/W,100,,,,,,,,,,"",
"DI.168_Val","DB703.DBX1002.0",Boolean,1,R/W,100,,,,,,,,,,"",
"DI.168_Nch","DB703.INT1004",Word,1,R/W,100,,,,,,,,,,"",
"DI.168_ImitOn","DB703.DBX1006.0",Boolean,1,R/W,100,,,,,,,,,,"",
"DI.168_ImitOff","DB703.DBX1006.1",Boolean,1,R/W,100,,,,,,,,,,"",
"DI.168_HotChange","DB703.DBX1006.2",Boolean,1,R/W,100,,,,,,,,,,"",
"DI.169_Val","DB703.DBX1008.0",Boolean,1,R/W,100,,,,,,,,,,"",
"DI.169_Nch","DB703.INT1010",Word,1,R/W,100,,,,,,,,,,"",
"DI.169_ImitOn","DB703.DBX1012.0",Boolean,1,R/W,100,,,,,,,,,,"",
"DI.169_ImitOff","DB703.DBX1012.1",Boolean,1,R/W,100,,,,,,,,,,"",
"DI.169_HotChange","DB703.DBX1012.2",Boolean,1,R/W,100,,,,,,,,,,"",
"DI.170_Val","DB703.DBX1014.0",Boolean,1,R/W,100,,,,,,,,,,"",
"DI.170_Nch","DB703.INT1016",Word,1,R/W,100,,,,,,,,,,"",
"DI.170_ImitOn","DB703.DBX1018.0",Boolean,1,R/W,100,,,,,,,,,,"",
"DI.170_ImitOff","DB703.DBX1018.1",Boolean,1,R/W,100,,,,,,,,,,"",
"DI.170_HotChange","DB703.DBX1018.2",Boolean,1,R/W,100,,,,,,,,,,"",
"DI.171_Val","DB703.DBX1020.0",Boolean,1,R/W,100,,,,,,,,,,"",
"DI.171_Nch","DB703.INT1022",Word,1,R/W,100,,,,,,,,,,"",
"DI.171_ImitOn","DB703.DBX1024.0",Boolean,1,R/W,100,,,,,,,,,,"",
"DI.171_ImitOff","DB703.DBX1024.1",Boolean,1,R/W,100,,,,,,,,,,"",
"DI.171_HotChange","DB703.DBX1024.2",Boolean,1,R/W,100,,,,,,,,,,"",
"DI.172_Val","DB703.DBX1026.0",Boolean,1,R/W,100,,,,,,,,,,"",
"DI.172_Nch","DB703.INT1028",Word,1,R/W,100,,,,,,,,,,"",
"DI.172_ImitOn","DB703.DBX1030.0",Boolean,1,R/W,100,,,,,,,,,,"",
"DI.172_ImitOff","DB703.DBX1030.1",Boolean,1,R/W,100,,,,,,,,,,"",
"DI.172_HotChange","DB703.DBX1030.2",Boolean,1,R/W,100,,,,,,,,,,"",
"DI.173_Val","DB703.DBX1032.0",Boolean,1,R/W,100,,,,,,,,,,"",
"DI.173_Nch","DB703.INT1034",Word,1,R/W,100,,,,,,,,,,"",
"DI.173_ImitOn","DB703.DBX1036.0",Boolean,1,R/W,100,,,,,,,,,,"",
"DI.173_ImitOff","DB703.DBX1036.1",Boolean,1,R/W,100,,,,,,,,,,"",
"DI.173_HotChange","DB703.DBX1036.2",Boolean,1,R/W,100,,,,,,,,,,"",
"DI.174_Val","DB703.DBX1038.0",Boolean,1,R/W,100,,,,,,,,,,"",
"DI.174_Nch","DB703.INT1040",Word,1,R/W,100,,,,,,,,,,"",
"DI.174_ImitOn","DB703.DBX1042.0",Boolean,1,R/W,100,,,,,,,,,,"",
"DI.174_ImitOff","DB703.DBX1042.1",Boolean,1,R/W,100,,,,,,,,,,"",
"DI.174_HotChange","DB703.DBX1042.2",Boolean,1,R/W,100,,,,,,,,,,"",
"DI.175_Val","DB703.DBX1044.0",Boolean,1,R/W,100,,,,,,,,,,"",
"DI.175_Nch","DB703.INT1046",Word,1,R/W,100,,,,,,,,,,"",
"DI.175_ImitOn","DB703.DBX1048.0",Boolean,1,R/W,100,,,,,,,,,,"",
"DI.175_ImitOff","DB703.DBX1048.1",Boolean,1,R/W,100,,,,,,,,,,"",
"DI.175_HotChange","DB703.DBX1048.2",Boolean,1,R/W,100,,,,,,,,,,"",
"DI.176_Val","DB703.DBX1050.0",Boolean,1,R/W,100,,,,,,,,,,"",
"DI.176_Nch","DB703.INT1052",Word,1,R/W,100,,,,,,,,,,"",
"DI.176_ImitOn","DB703.DBX1054.0",Boolean,1,R/W,100,,,,,,,,,,"",
"DI.176_ImitOff","DB703.DBX1054.1",Boolean,1,R/W,100,,,,,,,,,,"",
"DI.176_HotChange","DB703.DBX1054.2",Boolean,1,R/W,100,,,,,,,,,,"",
"DI.177_Val","DB703.DBX1056.0",Boolean,1,R/W,100,,,,,,,,,,"",
"DI.177_Nch","DB703.INT1058",Word,1,R/W,100,,,,,,,,,,"",
"DI.177_ImitOn","DB703.DBX1060.0",Boolean,1,R/W,100,,,,,,,,,,"",
"DI.177_ImitOff","DB703.DBX1060.1",Boolean,1,R/W,100,,,,,,,,,,"",
"DI.177_HotChange","DB703.DBX1060.2",Boolean,1,R/W,100,,,,,,,,,,"",
"DI.178_Val","DB703.DBX1062.0",Boolean,1,R/W,100,,,,,,,,,,"",
"DI.178_Nch","DB703.INT1064",Word,1,R/W,100,,,,,,,,,,"",
"DI.178_ImitOn","DB703.DBX1066.0",Boolean,1,R/W,100,,,,,,,,,,"",
"DI.178_ImitOff","DB703.DBX1066.1",Boolean,1,R/W,100,,,,,,,,,,"",
"DI.178_HotChange","DB703.DBX1066.2",Boolean,1,R/W,100,,,,,,,,,,"",
"DI.179_Val","DB703.DBX1068.0",Boolean,1,R/W,100,,,,,,,,,,"",
"DI.179_Nch","DB703.INT1070",Word,1,R/W,100,,,,,,,,,,"",
"DI.179_ImitOn","DB703.DBX1072.0",Boolean,1,R/W,100,,,,,,,,,,"",
"DI.179_ImitOff","DB703.DBX1072.1",Boolean,1,R/W,100,,,,,,,,,,"",
"DI.179_HotChange","DB703.DBX1072.2",Boolean,1,R/W,100,,,,,,,,,,"",
"DI.180_Val","DB703.DBX1074.0",Boolean,1,R/W,100,,,,,,,,,,"",
"DI.180_Nch","DB703.INT1076",Word,1,R/W,100,,,,,,,,,,"",
"DI.180_ImitOn","DB703.DBX1078.0",Boolean,1,R/W,100,,,,,,,,,,"",
"DI.180_ImitOff","DB703.DBX1078.1",Boolean,1,R/W,100,,,,,,,,,,"",
"DI.180_HotChange","DB703.DBX1078.2",Boolean,1,R/W,100,,,,,,,,,,"",
"DI.181_Val","DB703.DBX1080.0",Boolean,1,R/W,100,,,,,,,,,,"",
"DI.181_Nch","DB703.INT1082",Word,1,R/W,100,,,,,,,,,,"",
"DI.181_ImitOn","DB703.DBX1084.0",Boolean,1,R/W,100,,,,,,,,,,"",
"DI.181_ImitOff","DB703.DBX1084.1",Boolean,1,R/W,100,,,,,,,,,,"",
"DI.181_HotChange","DB703.DBX1084.2",Boolean,1,R/W,100,,,,,,,,,,"",
"DI.182_Val","DB703.DBX1086.0",Boolean,1,R/W,100,,,,,,,,,,"",
"DI.182_Nch","DB703.INT1088",Word,1,R/W,100,,,,,,,,,,"",
"DI.182_ImitOn","DB703.DBX1090.0",Boolean,1,R/W,100,,,,,,,,,,"",
"DI.182_ImitOff","DB703.DBX1090.1",Boolean,1,R/W,100,,,,,,,,,,"",
"DI.182_HotChange","DB703.DBX1090.2",Boolean,1,R/W,100,,,,,,,,,,"",
"DI.183_Val","DB703.DBX1092.0",Boolean,1,R/W,100,,,,,,,,,,"",
"DI.183_Nch","DB703.INT1094",Word,1,R/W,100,,,,,,,,,,"",
"DI.183_ImitOn","DB703.DBX1096.0",Boolean,1,R/W,100,,,,,,,,,,"",
"DI.183_ImitOff","DB703.DBX1096.1",Boolean,1,R/W,100,,,,,,,,,,"",
"DI.183_HotChange","DB703.DBX1096.2",Boolean,1,R/W,100,,,,,,,,,,"",
"DI.184_Val","DB703.DBX1098.0",Boolean,1,R/W,100,,,,,,,,,,"",
"DI.184_Nch","DB703.INT1100",Word,1,R/W,100,,,,,,,,,,"",
"DI.184_ImitOn","DB703.DBX1102.0",Boolean,1,R/W,100,,,,,,,,,,"",
"DI.184_ImitOff","DB703.DBX1102.1",Boolean,1,R/W,100,,,,,,,,,,"",
"DI.184_HotChange","DB703.DBX1102.2",Boolean,1,R/W,100,,,,,,,,,,"",
"DI.185_Val","DB703.DBX1104.0",Boolean,1,R/W,100,,,,,,,,,,"",
"DI.185_Nch","DB703.INT1106",Word,1,R/W,100,,,,,,,,,,"",
"DI.185_ImitOn","DB703.DBX1108.0",Boolean,1,R/W,100,,,,,,,,,,"",
"DI.185_ImitOff","DB703.DBX1108.1",Boolean,1,R/W,100,,,,,,,,,,"",
"DI.185_HotChange","DB703.DBX1108.2",Boolean,1,R/W,100,,,,,,,,,,"",
"DI.186_Val","DB703.DBX1110.0",Boolean,1,R/W,100,,,,,,,,,,"",
"DI.186_Nch","DB703.INT1112",Word,1,R/W,100,,,,,,,,,,"",
"DI.186_ImitOn","DB703.DBX1114.0",Boolean,1,R/W,100,,,,,,,,,,"",
"DI.186_ImitOff","DB703.DBX1114.1",Boolean,1,R/W,100,,,,,,,,,,"",
"DI.186_HotChange","DB703.DBX1114.2",Boolean,1,R/W,100,,,,,,,,,,"",
"DI.187_Val","DB703.DBX1116.0",Boolean,1,R/W,100,,,,,,,,,,"",
"DI.187_Nch","DB703.INT1118",Word,1,R/W,100,,,,,,,,,,"",
"DI.187_ImitOn","DB703.DBX1120.0",Boolean,1,R/W,100,,,,,,,,,,"",
"DI.187_ImitOff","DB703.DBX1120.1",Boolean,1,R/W,100,,,,,,,,,,"",
"DI.187_HotChange","DB703.DBX1120.2",Boolean,1,R/W,100,,,,,,,,,,"",
"DI.188_Val","DB703.DBX1122.0",Boolean,1,R/W,100,,,,,,,,,,"",
"DI.188_Nch","DB703.INT1124",Word,1,R/W,100,,,,,,,,,,"",
"DI.188_ImitOn","DB703.DBX1126.0",Boolean,1,R/W,100,,,,,,,,,,"",
"DI.188_ImitOff","DB703.DBX1126.1",Boolean,1,R/W,100,,,,,,,,,,"",
"DI.188_HotChange","DB703.DBX1126.2",Boolean,1,R/W,100,,,,,,,,,,"",
"DI.189_Val","DB703.DBX1128.0",Boolean,1,R/W,100,,,,,,,,,,"",
"DI.189_Nch","DB703.INT1130",Word,1,R/W,100,,,,,,,,,,"",
"DI.189_ImitOn","DB703.DBX1132.0",Boolean,1,R/W,100,,,,,,,,,,"",
"DI.189_ImitOff","DB703.DBX1132.1",Boolean,1,R/W,100,,,,,,,,,,"",
"DI.189_HotChange","DB703.DBX1132.2",Boolean,1,R/W,100,,,,,,,,,,"",
"DI.190_Val","DB703.DBX1134.0",Boolean,1,R/W,100,,,,,,,,,,"",
"DI.190_Nch","DB703.INT1136",Word,1,R/W,100,,,,,,,,,,"",
"DI.190_ImitOn","DB703.DBX1138.0",Boolean,1,R/W,100,,,,,,,,,,"",
"DI.190_ImitOff","DB703.DBX1138.1",Boolean,1,R/W,100,,,,,,,,,,"",
"DI.190_HotChange","DB703.DBX1138.2",Boolean,1,R/W,100,,,,,,,,,,"",
"DI.191_Val","DB703.DBX1140.0",Boolean,1,R/W,100,,,,,,,,,,"",
"DI.191_Nch","DB703.INT1142",Word,1,R/W,100,,,,,,,,,,"",
"DI.191_ImitOn","DB703.DBX1144.0",Boolean,1,R/W,100,,,,,,,,,,"",
"DI.191_ImitOff","DB703.DBX1144.1",Boolean,1,R/W,100,,,,,,,,,,"",
"DI.191_HotChange","DB703.DBX1144.2",Boolean,1,R/W,100,,,,,,,,,,"",
"DI.192_Val","DB703.DBX1146.0",Boolean,1,R/W,100,,,,,,,,,,"",
"DI.192_Nch","DB703.INT1148",Word,1,R/W,100,,,,,,,,,,"",
"DI.192_ImitOn","DB703.DBX1150.0",Boolean,1,R/W,100,,,,,,,,,,"",
"DI.192_ImitOff","DB703.DBX1150.1",Boolean,1,R/W,100,,,,,,,,,,"",
"DI.192_HotChange","DB703.DBX1150.2",Boolean,1,R/W,100,,,,,,,,,,"",
"DI.193_Val","DB703.DBX1152.0",Boolean,1,R/W,100,,,,,,,,,,"",
"DI.193_Nch","DB703.INT1154",Word,1,R/W,100,,,,,,,,,,"",
"DI.193_ImitOn","DB703.DBX1156.0",Boolean,1,R/W,100,,,,,,,,,,"",
"DI.193_ImitOff","DB703.DBX1156.1",Boolean,1,R/W,100,,,,,,,,,,"",
"DI.193_HotChange","DB703.DBX1156.2",Boolean,1,R/W,100,,,,,,,,,,"",
"DI.194_Val","DB703.DBX1158.0",Boolean,1,R/W,100,,,,,,,,,,"",
"DI.194_Nch","DB703.INT1160",Word,1,R/W,100,,,,,,,,,,"",
"DI.194_ImitOn","DB703.DBX1162.0",Boolean,1,R/W,100,,,,,,,,,,"",
"DI.194_ImitOff","DB703.DBX1162.1",Boolean,1,R/W,100,,,,,,,,,,"",
"DI.194_HotChange","DB703.DBX1162.2",Boolean,1,R/W,100,,,,,,,,,,"",
"DI.195_Val","DB703.DBX1164.0",Boolean,1,R/W,100,,,,,,,,,,"",
"DI.195_Nch","DB703.INT1166",Word,1,R/W,100,,,,,,,,,,"",
"DI.195_ImitOn","DB703.DBX1168.0",Boolean,1,R/W,100,,,,,,,,,,"",
"DI.195_ImitOff","DB703.DBX1168.1",Boolean,1,R/W,100,,,,,,,,,,"",
"DI.195_HotChange","DB703.DBX1168.2",Boolean,1,R/W,100,,,,,,,,,,"",
"DI.196_Val","DB703.DBX1170.0",Boolean,1,R/W,100,,,,,,,,,,"",
"DI.196_Nch","DB703.INT1172",Word,1,R/W,100,,,,,,,,,,"",
"DI.196_ImitOn","DB703.DBX1174.0",Boolean,1,R/W,100,,,,,,,,,,"",
"DI.196_ImitOff","DB703.DBX1174.1",Boolean,1,R/W,100,,,,,,,,,,"",
"DI.196_HotChange","DB703.DBX1174.2",Boolean,1,R/W,100,,,,,,,,,,"",
"DI.197_Val","DB703.DBX1176.0",Boolean,1,R/W,100,,,,,,,,,,"",
"DI.197_Nch","DB703.INT1178",Word,1,R/W,100,,,,,,,,,,"",
"DI.197_ImitOn","DB703.DBX1180.0",Boolean,1,R/W,100,,,,,,,,,,"",
"DI.197_ImitOff","DB703.DBX1180.1",Boolean,1,R/W,100,,,,,,,,,,"",
"DI.197_HotChange","DB703.DBX1180.2",Boolean,1,R/W,100,,,,,,,,,,"",
"DI.198_Val","DB703.DBX1182.0",Boolean,1,R/W,100,,,,,,,,,,"",
"DI.198_Nch","DB703.INT1184",Word,1,R/W,100,,,,,,,,,,"",
"DI.198_ImitOn","DB703.DBX1186.0",Boolean,1,R/W,100,,,,,,,,,,"",
"DI.198_ImitOff","DB703.DBX1186.1",Boolean,1,R/W,100,,,,,,,,,,"",
"DI.198_HotChange","DB703.DBX1186.2",Boolean,1,R/W,100,,,,,,,,,,"",
"DI.199_Val","DB703.DBX1188.0",Boolean,1,R/W,100,,,,,,,,,,"",
"DI.199_Nch","DB703.INT1190",Word,1,R/W,100,,,,,,,,,,"",
"DI.199_ImitOn","DB703.DBX1192.0",Boolean,1,R/W,100,,,,,,,,,,"",
"DI.199_ImitOff","DB703.DBX1192.1",Boolean,1,R/W,100,,,,,,,,,,"",
"DI.199_HotChange","DB703.DBX1192.2",Boolean,1,R/W,100,,,,,,,,,,"",
"DI.200_Val","DB703.DBX1194.0",Boolean,1,R/W,100,,,,,,,,,,"",
"DI.200_Nch","DB703.INT1196",Word,1,R/W,100,,,,,,,,,,"",
"DI.200_ImitOn","DB703.DBX1198.0",Boolean,1,R/W,100,,,,,,,,,,"",
"DI.200_ImitOff","DB703.DBX1198.1",Boolean,1,R/W,100,,,,,,,,,,"",
"DI.200_HotChange","DB703.DBX1198.2",Boolean,1,R/W,100,,,,,,,,,,"",
"DI.201_Val","DB703.DBX1200.0",Boolean,1,R/W,100,,,,,,,,,,"",
"DI.201_Nch","DB703.INT1202",Word,1,R/W,100,,,,,,,,,,"",
"DI.201_ImitOn","DB703.DBX1204.0",Boolean,1,R/W,100,,,,,,,,,,"",
"DI.201_ImitOff","DB703.DBX1204.1",Boolean,1,R/W,100,,,,,,,,,,"",
"DI.201_HotChange","DB703.DBX1204.2",Boolean,1,R/W,100,,,,,,,,,,"",
"DI.202_Val","DB703.DBX1206.0",Boolean,1,R/W,100,,,,,,,,,,"",
"DI.202_Nch","DB703.INT1208",Word,1,R/W,100,,,,,,,,,,"",
"DI.202_ImitOn","DB703.DBX1210.0",Boolean,1,R/W,100,,,,,,,,,,"",
"DI.202_ImitOff","DB703.DBX1210.1",Boolean,1,R/W,100,,,,,,,,,,"",
"DI.202_HotChange","DB703.DBX1210.2",Boolean,1,R/W,100,,,,,,,,,,"",
"DI.203_Val","DB703.DBX1212.0",Boolean,1,R/W,100,,,,,,,,,,"",
"DI.203_Nch","DB703.INT1214",Word,1,R/W,100,,,,,,,,,,"",
"DI.203_ImitOn","DB703.DBX1216.0",Boolean,1,R/W,100,,,,,,,,,,"",
"DI.203_ImitOff","DB703.DBX1216.1",Boolean,1,R/W,100,,,,,,,,,,"",
"DI.203_HotChange","DB703.DBX1216.2",Boolean,1,R/W,100,,,,,,,,,,"",
"DI.204_Val","DB703.DBX1218.0",Boolean,1,R/W,100,,,,,,,,,,"",
"DI.204_Nch","DB703.INT1220",Word,1,R/W,100,,,,,,,,,,"",
"DI.204_ImitOn","DB703.DBX1222.0",Boolean,1,R/W,100,,,,,,,,,,"",
"DI.204_ImitOff","DB703.DBX1222.1",Boolean,1,R/W,100,,,,,,,,,,"",
"DI.204_HotChange","DB703.DBX1222.2",Boolean,1,R/W,100,,,,,,,,,,"",
"DI.205_Val","DB703.DBX1224.0",Boolean,1,R/W,100,,,,,,,,,,"",
"DI.205_Nch","DB703.INT1226",Word,1,R/W,100,,,,,,,,,,"",
"DI.205_ImitOn","DB703.DBX1228.0",Boolean,1,R/W,100,,,,,,,,,,"",
"DI.205_ImitOff","DB703.DBX1228.1",Boolean,1,R/W,100,,,,,,,,,,"",
"DI.205_HotChange","DB703.DBX1228.2",Boolean,1,R/W,100,,,,,,,,,,"",
"DI.206_Val","DB703.DBX1230.0",Boolean,1,R/W,100,,,,,,,,,,"",
"DI.206_Nch","DB703.INT1232",Word,1,R/W,100,,,,,,,,,,"",
"DI.206_ImitOn","DB703.DBX1234.0",Boolean,1,R/W,100,,,,,,,,,,"",
"DI.206_ImitOff","DB703.DBX1234.1",Boolean,1,R/W,100,,,,,,,,,,"",
"DI.206_HotChange","DB703.DBX1234.2",Boolean,1,R/W,100,,,,,,,,,,"",
"DI.207_Val","DB703.DBX1236.0",Boolean,1,R/W,100,,,,,,,,,,"",
"DI.207_Nch","DB703.INT1238",Word,1,R/W,100,,,,,,,,,,"",
"DI.207_ImitOn","DB703.DBX1240.0",Boolean,1,R/W,100,,,,,,,,,,"",
"DI.207_ImitOff","DB703.DBX1240.1",Boolean,1,R/W,100,,,,,,,,,,"",
"DI.207_HotChange","DB703.DBX1240.2",Boolean,1,R/W,100,,,,,,,,,,"",
"DI.208_Val","DB703.DBX1242.0",Boolean,1,R/W,100,,,,,,,,,,"",
"DI.208_Nch","DB703.INT1244",Word,1,R/W,100,,,,,,,,,,"",
"DI.208_ImitOn","DB703.DBX1246.0",Boolean,1,R/W,100,,,,,,,,,,"",
"DI.208_ImitOff","DB703.DBX1246.1",Boolean,1,R/W,100,,,,,,,,,,"",
"DI.208_HotChange","DB703.DBX1246.2",Boolean,1,R/W,100,,,,,,,,,,"",
"DI.209_Val","DB703.DBX1248.0",Boolean,1,R/W,100,,,,,,,,,,"",
"DI.209_Nch","DB703.INT1250",Word,1,R/W,100,,,,,,,,,,"",
"DI.209_ImitOn","DB703.DBX1252.0",Boolean,1,R/W,100,,,,,,,,,,"",
"DI.209_ImitOff","DB703.DBX1252.1",Boolean,1,R/W,100,,,,,,,,,,"",
"DI.209_HotChange","DB703.DBX1252.2",Boolean,1,R/W,100,,,,,,,,,,"",
"DI.210_Val","DB703.DBX1254.0",Boolean,1,R/W,100,,,,,,,,,,"",
"DI.210_Nch","DB703.INT1256",Word,1,R/W,100,,,,,,,,,,"",
"DI.210_ImitOn","DB703.DBX1258.0",Boolean,1,R/W,100,,,,,,,,,,"",
"DI.210_ImitOff","DB703.DBX1258.1",Boolean,1,R/W,100,,,,,,,,,,"",
"DI.210_HotChange","DB703.DBX1258.2",Boolean,1,R/W,100,,,,,,,,,,"",
"DI.211_Val","DB703.DBX1260.0",Boolean,1,R/W,100,,,,,,,,,,"",
"DI.211_Nch","DB703.INT1262",Word,1,R/W,100,,,,,,,,,,"",
"DI.211_ImitOn","DB703.DBX1264.0",Boolean,1,R/W,100,,,,,,,,,,"",
"DI.211_ImitOff","DB703.DBX1264.1",Boolean,1,R/W,100,,,,,,,,,,"",
"DI.211_HotChange","DB703.DBX1264.2",Boolean,1,R/W,100,,,,,,,,,,"",
"DI.212_Val","DB703.DBX1266.0",Boolean,1,R/W,100,,,,,,,,,,"",
"DI.212_Nch","DB703.INT1268",Word,1,R/W,100,,,,,,,,,,"",
"DI.212_ImitOn","DB703.DBX1270.0",Boolean,1,R/W,100,,,,,,,,,,"",
"DI.212_ImitOff","DB703.DBX1270.1",Boolean,1,R/W,100,,,,,,,,,,"",
"DI.212_HotChange","DB703.DBX1270.2",Boolean,1,R/W,100,,,,,,,,,,"",
"DI.213_Val","DB703.DBX1272.0",Boolean,1,R/W,100,,,,,,,,,,"",
"DI.213_Nch","DB703.INT1274",Word,1,R/W,100,,,,,,,,,,"",
"DI.213_ImitOn","DB703.DBX1276.0",Boolean,1,R/W,100,,,,,,,,,,"",
"DI.213_ImitOff","DB703.DBX1276.1",Boolean,1,R/W,100,,,,,,,,,,"",
"DI.213_HotChange","DB703.DBX1276.2",Boolean,1,R/W,100,,,,,,,,,,"",
"DI.214_Val","DB703.DBX1278.0",Boolean,1,R/W,100,,,,,,,,,,"",
"DI.214_Nch","DB703.INT1280",Word,1,R/W,100,,,,,,,,,,"",
"DI.214_ImitOn","DB703.DBX1282.0",Boolean,1,R/W,100,,,,,,,,,,"",
"DI.214_ImitOff","DB703.DBX1282.1",Boolean,1,R/W,100,,,,,,,,,,"",
"DI.214_HotChange","DB703.DBX1282.2",Boolean,1,R/W,100,,,,,,,,,,"",
"DI.215_Val","DB703.DBX1284.0",Boolean,1,R/W,100,,,,,,,,,,"",
"DI.215_Nch","DB703.INT1286",Word,1,R/W,100,,,,,,,,,,"",
"DI.215_ImitOn","DB703.DBX1288.0",Boolean,1,R/W,100,,,,,,,,,,"",
"DI.215_ImitOff","DB703.DBX1288.1",Boolean,1,R/W,100,,,,,,,,,,"",
"DI.215_HotChange","DB703.DBX1288.2",Boolean,1,R/W,100,,,,,,,,,,"",
"DI.216_Val","DB703.DBX1290.0",Boolean,1,R/W,100,,,,,,,,,,"",
"DI.216_Nch","DB703.INT1292",Word,1,R/W,100,,,,,,,,,,"",
"DI.216_ImitOn","DB703.DBX1294.0",Boolean,1,R/W,100,,,,,,,,,,"",
"DI.216_ImitOff","DB703.DBX1294.1",Boolean,1,R/W,100,,,,,,,,,,"",
"DI.216_HotChange","DB703.DBX1294.2",Boolean,1,R/W,100,,,,,,,,,,"",
"DI.217_Val","DB703.DBX1296.0",Boolean,1,R/W,100,,,,,,,,,,"",
"DI.217_Nch","DB703.INT1298",Word,1,R/W,100,,,,,,,,,,"",
"DI.217_ImitOn","DB703.DBX1300.0",Boolean,1,R/W,100,,,,,,,,,,"",
"DI.217_ImitOff","DB703.DBX1300.1",Boolean,1,R/W,100,,,,,,,,,,"",
"DI.217_HotChange","DB703.DBX1300.2",Boolean,1,R/W,100,,,,,,,,,,"",
"DI.218_Val","DB703.DBX1302.0",Boolean,1,R/W,100,,,,,,,,,,"",
"DI.218_Nch","DB703.INT1304",Word,1,R/W,100,,,,,,,,,,"",
"DI.218_ImitOn","DB703.DBX1306.0",Boolean,1,R/W,100,,,,,,,,,,"",
"DI.218_ImitOff","DB703.DBX1306.1",Boolean,1,R/W,100,,,,,,,,,,"",
"DI.218_HotChange","DB703.DBX1306.2",Boolean,1,R/W,100,,,,,,,,,,"",
"DI.219_Val","DB703.DBX1308.0",Boolean,1,R/W,100,,,,,,,,,,"",
"DI.219_Nch","DB703.INT1310",Word,1,R/W,100,,,,,,,,,,"",
"DI.219_ImitOn","DB703.DBX1312.0",Boolean,1,R/W,100,,,,,,,,,,"",
"DI.219_ImitOff","DB703.DBX1312.1",Boolean,1,R/W,100,,,,,,,,,,"",
"DI.219_HotChange","DB703.DBX1312.2",Boolean,1,R/W,100,,,,,,,,,,"",
"DI.220_Val","DB703.DBX1314.0",Boolean,1,R/W,100,,,,,,,,,,"",
"DI.220_Nch","DB703.INT1316",Word,1,R/W,100,,,,,,,,,,"",
"DI.220_ImitOn","DB703.DBX1318.0",Boolean,1,R/W,100,,,,,,,,,,"",
"DI.220_ImitOff","DB703.DBX1318.1",Boolean,1,R/W,100,,,,,,,,,,"",
"DI.220_HotChange","DB703.DBX1318.2",Boolean,1,R/W,100,,,,,,,,,,"",
"DI.221_Val","DB703.DBX1320.0",Boolean,1,R/W,100,,,,,,,,,,"",
"DI.221_Nch","DB703.INT1322",Word,1,R/W,100,,,,,,,,,,"",
"DI.221_ImitOn","DB703.DBX1324.0",Boolean,1,R/W,100,,,,,,,,,,"",
"DI.221_ImitOff","DB703.DBX1324.1",Boolean,1,R/W,100,,,,,,,,,,"",
"DI.221_HotChange","DB703.DBX1324.2",Boolean,1,R/W,100,,,,,,,,,,"",
"DI.222_Val","DB703.DBX1326.0",Boolean,1,R/W,100,,,,,,,,,,"",
"DI.222_Nch","DB703.INT1328",Word,1,R/W,100,,,,,,,,,,"",
"DI.222_ImitOn","DB703.DBX1330.0",Boolean,1,R/W,100,,,,,,,,,,"",
"DI.222_ImitOff","DB703.DBX1330.1",Boolean,1,R/W,100,,,,,,,,,,"",
"DI.222_HotChange","DB703.DBX1330.2",Boolean,1,R/W,100,,,,,,,,,,"",
"DI.223_Val","DB703.DBX1332.0",Boolean,1,R/W,100,,,,,,,,,,"",
"DI.223_Nch","DB703.INT1334",Word,1,R/W,100,,,,,,,,,,"",
"DI.223_ImitOn","DB703.DBX1336.0",Boolean,1,R/W,100,,,,,,,,,,"",
"DI.223_ImitOff","DB703.DBX1336.1",Boolean,1,R/W,100,,,,,,,,,,"",
"DI.223_HotChange","DB703.DBX1336.2",Boolean,1,R/W,100,,,,,,,,,,"",
"DI.224_Val","DB703.DBX1338.0",Boolean,1,R/W,100,,,,,,,,,,"",
"DI.224_Nch","DB703.INT1340",Word,1,R/W,100,,,,,,,,,,"",
"DI.224_ImitOn","DB703.DBX1342.0",Boolean,1,R/W,100,,,,,,,,,,"",
"DI.224_ImitOff","DB703.DBX1342.1",Boolean,1,R/W,100,,,,,,,,,,"",
"DI.224_HotChange","DB703.DBX1342.2",Boolean,1,R/W,100,,,,,,,,,,"",
"DI.225_Val","DB703.DBX1344.0",Boolean,1,R/W,100,,,,,,,,,,"",
"DI.225_Nch","DB703.INT1346",Word,1,R/W,100,,,,,,,,,,"",
"DI.225_ImitOn","DB703.DBX1348.0",Boolean,1,R/W,100,,,,,,,,,,"",
"DI.225_ImitOff","DB703.DBX1348.1",Boolean,1,R/W,100,,,,,,,,,,"",
"DI.225_HotChange","DB703.DBX1348.2",Boolean,1,R/W,100,,,,,,,,,,"",
"DI.226_Val","DB703.DBX1350.0",Boolean,1,R/W,100,,,,,,,,,,"",
"DI.226_Nch","DB703.INT1352",Word,1,R/W,100,,,,,,,,,,"",
"DI.226_ImitOn","DB703.DBX1354.0",Boolean,1,R/W,100,,,,,,,,,,"",
"DI.226_ImitOff","DB703.DBX1354.1",Boolean,1,R/W,100,,,,,,,,,,"",
"DI.226_HotChange","DB703.DBX1354.2",Boolean,1,R/W,100,,,,,,,,,,"",
"DI.227_Val","DB703.DBX1356.0",Boolean,1,R/W,100,,,,,,,,,,"",
"DI.227_Nch","DB703.INT1358",Word,1,R/W,100,,,,,,,,,,"",
"DI.227_ImitOn","DB703.DBX1360.0",Boolean,1,R/W,100,,,,,,,,,,"",
"DI.227_ImitOff","DB703.DBX1360.1",Boolean,1,R/W,100,,,,,,,,,,"",
"DI.227_HotChange","DB703.DBX1360.2",Boolean,1,R/W,100,,,,,,,,,,"",
"DI.228_Val","DB703.DBX1362.0",Boolean,1,R/W,100,,,,,,,,,,"",
"DI.228_Nch","DB703.INT1364",Word,1,R/W,100,,,,,,,,,,"",
"DI.228_ImitOn","DB703.DBX1366.0",Boolean,1,R/W,100,,,,,,,,,,"",
"DI.228_ImitOff","DB703.DBX1366.1",Boolean,1,R/W,100,,,,,,,,,,"",
"DI.228_HotChange","DB703.DBX1366.2",Boolean,1,R/W,100,,,,,,,,,,"",
"DI.229_Val","DB703.DBX1368.0",Boolean,1,R/W,100,,,,,,,,,,"",
"DI.229_Nch","DB703.INT1370",Word,1,R/W,100,,,,,,,,,,"",
"DI.229_ImitOn","DB703.DBX1372.0",Boolean,1,R/W,100,,,,,,,,,,"",
"DI.229_ImitOff","DB703.DBX1372.1",Boolean,1,R/W,100,,,,,,,,,,"",
"DI.229_HotChange","DB703.DBX1372.2",Boolean,1,R/W,100,,,,,,,,,,"",
"DI.230_Val","DB703.DBX1374.0",Boolean,1,R/W,100,,,,,,,,,,"",
"DI.230_Nch","DB703.INT1376",Word,1,R/W,100,,,,,,,,,,"",
"DI.230_ImitOn","DB703.DBX1378.0",Boolean,1,R/W,100,,,,,,,,,,"",
"DI.230_ImitOff","DB703.DBX1378.1",Boolean,1,R/W,100,,,,,,,,,,"",
"DI.230_HotChange","DB703.DBX1378.2",Boolean,1,R/W,100,,,,,,,,,,"",
"DI.231_Val","DB703.DBX1380.0",Boolean,1,R/W,100,,,,,,,,,,"",
"DI.231_Nch","DB703.INT1382",Word,1,R/W,100,,,,,,,,,,"",
"DI.231_ImitOn","DB703.DBX1384.0",Boolean,1,R/W,100,,,,,,,,,,"",
"DI.231_ImitOff","DB703.DBX1384.1",Boolean,1,R/W,100,,,,,,,,,,"",
"DI.231_HotChange","DB703.DBX1384.2",Boolean,1,R/W,100,,,,,,,,,,"",
"DI.232_Val","DB703.DBX1386.0",Boolean,1,R/W,100,,,,,,,,,,"",
"DI.232_Nch","DB703.INT1388",Word,1,R/W,100,,,,,,,,,,"",
"DI.232_ImitOn","DB703.DBX1390.0",Boolean,1,R/W,100,,,,,,,,,,"",
"DI.232_ImitOff","DB703.DBX1390.1",Boolean,1,R/W,100,,,,,,,,,,"",
"DI.232_HotChange","DB703.DBX1390.2",Boolean,1,R/W,100,,,,,,,,,,"",
"DI.233_Val","DB703.DBX1392.0",Boolean,1,R/W,100,,,,,,,,,,"",
"DI.233_Nch","DB703.INT1394",Word,1,R/W,100,,,,,,,,,,"",
"DI.233_ImitOn","DB703.DBX1396.0",Boolean,1,R/W,100,,,,,,,,,,"",
"DI.233_ImitOff","DB703.DBX1396.1",Boolean,1,R/W,100,,,,,,,,,,"",
"DI.233_HotChange","DB703.DBX1396.2",Boolean,1,R/W,100,,,,,,,,,,"",
"DI.234_Val","DB703.DBX1398.0",Boolean,1,R/W,100,,,,,,,,,,"",
"DI.234_Nch","DB703.INT1400",Word,1,R/W,100,,,,,,,,,,"",
"DI.234_ImitOn","DB703.DBX1402.0",Boolean,1,R/W,100,,,,,,,,,,"",
"DI.234_ImitOff","DB703.DBX1402.1",Boolean,1,R/W,100,,,,,,,,,,"",
"DI.234_HotChange","DB703.DBX1402.2",Boolean,1,R/W,100,,,,,,,,,,"",
"DI.235_Val","DB703.DBX1404.0",Boolean,1,R/W,100,,,,,,,,,,"",
"DI.235_Nch","DB703.INT1406",Word,1,R/W,100,,,,,,,,,,"",
"DI.235_ImitOn","DB703.DBX1408.0",Boolean,1,R/W,100,,,,,,,,,,"",
"DI.235_ImitOff","DB703.DBX1408.1",Boolean,1,R/W,100,,,,,,,,,,"",
"DI.235_HotChange","DB703.DBX1408.2",Boolean,1,R/W,100,,,,,,,,,,"",
"DI.236_Val","DB703.DBX1410.0",Boolean,1,R/W,100,,,,,,,,,,"",
"DI.236_Nch","DB703.INT1412",Word,1,R/W,100,,,,,,,,,,"",
"DI.236_ImitOn","DB703.DBX1414.0",Boolean,1,R/W,100,,,,,,,,,,"",
"DI.236_ImitOff","DB703.DBX1414.1",Boolean,1,R/W,100,,,,,,,,,,"",
"DI.236_HotChange","DB703.DBX1414.2",Boolean,1,R/W,100,,,,,,,,,,"",
"DI.237_Val","DB703.DBX1416.0",Boolean,1,R/W,100,,,,,,,,,,"",
"DI.237_Nch","DB703.INT1418",Word,1,R/W,100,,,,,,,,,,"",
"DI.237_ImitOn","DB703.DBX1420.0",Boolean,1,R/W,100,,,,,,,,,,"",
"DI.237_ImitOff","DB703.DBX1420.1",Boolean,1,R/W,100,,,,,,,,,,"",
"DI.237_HotChange","DB703.DBX1420.2",Boolean,1,R/W,100,,,,,,,,,,"",
"DI.238_Val","DB703.DBX1422.0",Boolean,1,R/W,100,,,,,,,,,,"",
"DI.238_Nch","DB703.INT1424",Word,1,R/W,100,,,,,,,,,,"",
"DI.238_ImitOn","DB703.DBX1426.0",Boolean,1,R/W,100,,,,,,,,,,"",
"DI.238_ImitOff","DB703.DBX1426.1",Boolean,1,R/W,100,,,,,,,,,,"",
"DI.238_HotChange","DB703.DBX1426.2",Boolean,1,R/W,100,,,,,,,,,,"",
"DI.239_Val","DB703.DBX1428.0",Boolean,1,R/W,100,,,,,,,,,,"",
"DI.239_Nch","DB703.INT1430",Word,1,R/W,100,,,,,,,,,,"",
"DI.239_ImitOn","DB703.DBX1432.0",Boolean,1,R/W,100,,,,,,,,,,"",
"DI.239_ImitOff","DB703.DBX1432.1",Boolean,1,R/W,100,,,,,,,,,,"",
"DI.239_HotChange","DB703.DBX1432.2",Boolean,1,R/W,100,,,,,,,,,,"",
"DI.240_Val","DB703.DBX1434.0",Boolean,1,R/W,100,,,,,,,,,,"",
"DI.240_Nch","DB703.INT1436",Word,1,R/W,100,,,,,,,,,,"",
"DI.240_ImitOn","DB703.DBX1438.0",Boolean,1,R/W,100,,,,,,,,,,"",
"DI.240_ImitOff","DB703.DBX1438.1",Boolean,1,R/W,100,,,,,,,,,,"",
"DI.240_HotChange","DB703.DBX1438.2",Boolean,1,R/W,100,,,,,,,,,,"",
"DI.241_Val","DB703.DBX1440.0",Boolean,1,R/W,100,,,,,,,,,,"",
"DI.241_Nch","DB703.INT1442",Word,1,R/W,100,,,,,,,,,,"",
"DI.241_ImitOn","DB703.DBX1444.0",Boolean,1,R/W,100,,,,,,,,,,"",
"DI.241_ImitOff","DB703.DBX1444.1",Boolean,1,R/W,100,,,,,,,,,,"",
"DI.241_HotChange","DB703.DBX1444.2",Boolean,1,R/W,100,,,,,,,,,,"",
"DI.242_Val","DB703.DBX1446.0",Boolean,1,R/W,100,,,,,,,,,,"",
"DI.242_Nch","DB703.INT1448",Word,1,R/W,100,,,,,,,,,,"",
"DI.242_ImitOn","DB703.DBX1450.0",Boolean,1,R/W,100,,,,,,,,,,"",
"DI.242_ImitOff","DB703.DBX1450.1",Boolean,1,R/W,100,,,,,,,,,,"",
"DI.242_HotChange","DB703.DBX1450.2",Boolean,1,R/W,100,,,,,,,,,,"",
"DI.243_Val","DB703.DBX1452.0",Boolean,1,R/W,100,,,,,,,,,,"",
"DI.243_Nch","DB703.INT1454",Word,1,R/W,100,,,,,,,,,,"",
"DI.243_ImitOn","DB703.DBX1456.0",Boolean,1,R/W,100,,,,,,,,,,"",
"DI.243_ImitOff","DB703.DBX1456.1",Boolean,1,R/W,100,,,,,,,,,,"",
"DI.243_HotChange","DB703.DBX1456.2",Boolean,1,R/W,100,,,,,,,,,,"",
"DI.244_Val","DB703.DBX1458.0",Boolean,1,R/W,100,,,,,,,,,,"",
"DI.244_Nch","DB703.INT1460",Word,1,R/W,100,,,,,,,,,,"",
"DI.244_ImitOn","DB703.DBX1462.0",Boolean,1,R/W,100,,,,,,,,,,"",
"DI.244_ImitOff","DB703.DBX1462.1",Boolean,1,R/W,100,,,,,,,,,,"",
"DI.244_HotChange","DB703.DBX1462.2",Boolean,1,R/W,100,,,,,,,,,,"",
"DI.245_Val","DB703.DBX1464.0",Boolean,1,R/W,100,,,,,,,,,,"",
"DI.245_Nch","DB703.INT1466",Word,1,R/W,100,,,,,,,,,,"",
"DI.245_ImitOn","DB703.DBX1468.0",Boolean,1,R/W,100,,,,,,,,,,"",
"DI.245_ImitOff","DB703.DBX1468.1",Boolean,1,R/W,100,,,,,,,,,,"",
"DI.245_HotChange","DB703.DBX1468.2",Boolean,1,R/W,100,,,,,,,,,,"",
"DI.246_Val","DB703.DBX1470.0",Boolean,1,R/W,100,,,,,,,,,,"",
"DI.246_Nch","DB703.INT1472",Word,1,R/W,100,,,,,,,,,,"",
"DI.246_ImitOn","DB703.DBX1474.0",Boolean,1,R/W,100,,,,,,,,,,"",
"DI.246_ImitOff","DB703.DBX1474.1",Boolean,1,R/W,100,,,,,,,,,,"",
"DI.246_HotChange","DB703.DBX1474.2",Boolean,1,R/W,100,,,,,,,,,,"",
"DI.247_Val","DB703.DBX1476.0",Boolean,1,R/W,100,,,,,,,,,,"",
"DI.247_Nch","DB703.INT1478",Word,1,R/W,100,,,,,,,,,,"",
"DI.247_ImitOn","DB703.DBX1480.0",Boolean,1,R/W,100,,,,,,,,,,"",
"DI.247_ImitOff","DB703.DBX1480.1",Boolean,1,R/W,100,,,,,,,,,,"",
"DI.247_HotChange","DB703.DBX1480.2",Boolean,1,R/W,100,,,,,,,,,,"",
"DI.248_Val","DB703.DBX1482.0",Boolean,1,R/W,100,,,,,,,,,,"",
"DI.248_Nch","DB703.INT1484",Word,1,R/W,100,,,,,,,,,,"",
"DI.248_ImitOn","DB703.DBX1486.0",Boolean,1,R/W,100,,,,,,,,,,"",
"DI.248_ImitOff","DB703.DBX1486.1",Boolean,1,R/W,100,,,,,,,,,,"",
"DI.248_HotChange","DB703.DBX1486.2",Boolean,1,R/W,100,,,,,,,,,,"",
"DI.249_Val","DB703.DBX1488.0",Boolean,1,R/W,100,,,,,,,,,,"",
"DI.249_Nch","DB703.INT1490",Word,1,R/W,100,,,,,,,,,,"",
"DI.249_ImitOn","DB703.DBX1492.0",Boolean,1,R/W,100,,,,,,,,,,"",
"DI.249_ImitOff","DB703.DBX1492.1",Boolean,1,R/W,100,,,,,,,,,,"",
"DI.249_HotChange","DB703.DBX1492.2",Boolean,1,R/W,100,,,,,,,,,,"",
"DI.250_Val","DB703.DBX1494.0",Boolean,1,R/W,100,,,,,,,,,,"",
"DI.250_Nch","DB703.INT1496",Word,1,R/W,100,,,,,,,,,,"",
"DI.250_ImitOn","DB703.DBX1498.0",Boolean,1,R/W,100,,,,,,,,,,"",
"DI.250_ImitOff","DB703.DBX1498.1",Boolean,1,R/W,100,,,,,,,,,,"",
"DI.250_HotChange","DB703.DBX1498.2",Boolean,1,R/W,100,,,,,,,,,,"",
"DI.251_Val","DB703.DBX1500.0",Boolean,1,R/W,100,,,,,,,,,,"",
"DI.251_Nch","DB703.INT1502",Word,1,R/W,100,,,,,,,,,,"",
"DI.251_ImitOn","DB703.DBX1504.0",Boolean,1,R/W,100,,,,,,,,,,"",
"DI.251_ImitOff","DB703.DBX1504.1",Boolean,1,R/W,100,,,,,,,,,,"",
"DI.251_HotChange","DB703.DBX1504.2",Boolean,1,R/W,100,,,,,,,,,,"",
"DI.252_Val","DB703.DBX1506.0",Boolean,1,R/W,100,,,,,,,,,,"",
"DI.252_Nch","DB703.INT1508",Word,1,R/W,100,,,,,,,,,,"",
"DI.252_ImitOn","DB703.DBX1510.0",Boolean,1,R/W,100,,,,,,,,,,"",
"DI.252_ImitOff","DB703.DBX1510.1",Boolean,1,R/W,100,,,,,,,,,,"",
"DI.252_HotChange","DB703.DBX1510.2",Boolean,1,R/W,100,,,,,,,,,,"",
"DI.253_Val","DB703.DBX1512.0",Boolean,1,R/W,100,,,,,,,,,,"",
"DI.253_Nch","DB703.INT1514",Word,1,R/W,100,,,,,,,,,,"",
"DI.253_ImitOn","DB703.DBX1516.0",Boolean,1,R/W,100,,,,,,,,,,"",
"DI.253_ImitOff","DB703.DBX1516.1",Boolean,1,R/W,100,,,,,,,,,,"",
"DI.253_HotChange","DB703.DBX1516.2",Boolean,1,R/W,100,,,,,,,,,,"",
"DI.254_Val","DB703.DBX1518.0",Boolean,1,R/W,100,,,,,,,,,,"",
"DI.254_Nch","DB703.INT1520",Word,1,R/W,100,,,,,,,,,,"",
"DI.254_ImitOn","DB703.DBX1522.0",Boolean,1,R/W,100,,,,,,,,,,"",
"DI.254_ImitOff","DB703.DBX1522.1",Boolean,1,R/W,100,,,,,,,,,,"",
"DI.254_HotChange","DB703.DBX1522.2",Boolean,1,R/W,100,,,,,,,,,,"",
"DI.255_Val","DB703.DBX1524.0",Boolean,1,R/W,100,,,,,,,,,,"",
"DI.255_Nch","DB703.INT1526",Word,1,R/W,100,,,,,,,,,,"",
"DI.255_ImitOn","DB703.DBX1528.0",Boolean,1,R/W,100,,,,,,,,,,"",
"DI.255_ImitOff","DB703.DBX1528.1",Boolean,1,R/W,100,,,,,,,,,,"",
"DI.255_HotChange","DB703.DBX1528.2",Boolean,1,R/W,100,,,,,,,,,,"",
"DI.256_Val","DB703.DBX1530.0",Boolean,1,R/W,100,,,,,,,,,,"",
"DI.256_Nch","DB703.INT1532",Word,1,R/W,100,,,,,,,,,,"",
"DI.256_ImitOn","DB703.DBX1534.0",Boolean,1,R/W,100,,,,,,,,,,"",
"DI.256_ImitOff","DB703.DBX1534.1",Boolean,1,R/W,100,,,,,,,,,,"",
"DI.256_HotChange","DB703.DBX1534.2",Boolean,1,R/W,100,,,,,,,,,,"",
"DI.257_Val","DB703.DBX1536.0",Boolean,1,R/W,100,,,,,,,,,,"",
"DI.257_Nch","DB703.INT1538",Word,1,R/W,100,,,,,,,,,,"",
"DI.257_ImitOn","DB703.DBX1540.0",Boolean,1,R/W,100,,,,,,,,,,"",
"DI.257_ImitOff","DB703.DBX1540.1",Boolean,1,R/W,100,,,,,,,,,,"",
"DI.257_HotChange","DB703.DBX1540.2",Boolean,1,R/W,100,,,,,,,,,,"",
"DI.258_Val","DB703.DBX1542.0",Boolean,1,R/W,100,,,,,,,,,,"",
"DI.258_Nch","DB703.INT1544",Word,1,R/W,100,,,,,,,,,,"",
"DI.258_ImitOn","DB703.DBX1546.0",Boolean,1,R/W,100,,,,,,,,,,"",
"DI.258_ImitOff","DB703.DBX1546.1",Boolean,1,R/W,100,,,,,,,,,,"",
"DI.258_HotChange","DB703.DBX1546.2",Boolean,1,R/W,100,,,,,,,,,,"",
"DI.259_Val","DB703.DBX1548.0",Boolean,1,R/W,100,,,,,,,,,,"",
"DI.259_Nch","DB703.INT1550",Word,1,R/W,100,,,,,,,,,,"",
"DI.259_ImitOn","DB703.DBX1552.0",Boolean,1,R/W,100,,,,,,,,,,"",
"DI.259_ImitOff","DB703.DBX1552.1",Boolean,1,R/W,100,,,,,,,,,,"",
"DI.259_HotChange","DB703.DBX1552.2",Boolean,1,R/W,100,,,,,,,,,,"",
"DI.260_Val","DB703.DBX1554.0",Boolean,1,R/W,100,,,,,,,,,,"",
"DI.260_Nch","DB703.INT1556",Word,1,R/W,100,,,,,,,,,,"",
"DI.260_ImitOn","DB703.DBX1558.0",Boolean,1,R/W,100,,,,,,,,,,"",
"DI.260_ImitOff","DB703.DBX1558.1",Boolean,1,R/W,100,,,,,,,,,,"",
"DI.260_HotChange","DB703.DBX1558.2",Boolean,1,R/W,100,,,,,,,,,,"",
"DI.261_Val","DB703.DBX1560.0",Boolean,1,R/W,100,,,,,,,,,,"",
"DI.261_Nch","DB703.INT1562",Word,1,R/W,100,,,,,,,,,,"",
"DI.261_ImitOn","DB703.DBX1564.0",Boolean,1,R/W,100,,,,,,,,,,"",
"DI.261_ImitOff","DB703.DBX1564.1",Boolean,1,R/W,100,,,,,,,,,,"",
"DI.261_HotChange","DB703.DBX1564.2",Boolean,1,R/W,100,,,,,,,,,,"",
"DI.262_Val","DB703.DBX1566.0",Boolean,1,R/W,100,,,,,,,,,,"",
"DI.262_Nch","DB703.INT1568",Word,1,R/W,100,,,,,,,,,,"",
"DI.262_ImitOn","DB703.DBX1570.0",Boolean,1,R/W,100,,,,,,,,,,"",
"DI.262_ImitOff","DB703.DBX1570.1",Boolean,1,R/W,100,,,,,,,,,,"",
"DI.262_HotChange","DB703.DBX1570.2",Boolean,1,R/W,100,,,,,,,,,,"",
"DI.263_Val","DB703.DBX1572.0",Boolean,1,R/W,100,,,,,,,,,,"",
"DI.263_Nch","DB703.INT1574",Word,1,R/W,100,,,,,,,,,,"",
"DI.263_ImitOn","DB703.DBX1576.0",Boolean,1,R/W,100,,,,,,,,,,"",
"DI.263_ImitOff","DB703.DBX1576.1",Boolean,1,R/W,100,,,,,,,,,,"",
"DI.263_HotChange","DB703.DBX1576.2",Boolean,1,R/W,100,,,,,,,,,,"",
"DI.264_Val","DB703.DBX1578.0",Boolean,1,R/W,100,,,,,,,,,,"",
"DI.264_Nch","DB703.INT1580",Word,1,R/W,100,,,,,,,,,,"",
"DI.264_ImitOn","DB703.DBX1582.0",Boolean,1,R/W,100,,,,,,,,,,"",
"DI.264_ImitOff","DB703.DBX1582.1",Boolean,1,R/W,100,,,,,,,,,,"",
"DI.264_HotChange","DB703.DBX1582.2",Boolean,1,R/W,100,,,,,,,,,,"",
"DI.265_Val","DB703.DBX1584.0",Boolean,1,R/W,100,,,,,,,,,,"",
"DI.265_Nch","DB703.INT1586",Word,1,R/W,100,,,,,,,,,,"",
"DI.265_ImitOn","DB703.DBX1588.0",Boolean,1,R/W,100,,,,,,,,,,"",
"DI.265_ImitOff","DB703.DBX1588.1",Boolean,1,R/W,100,,,,,,,,,,"",
"DI.265_HotChange","DB703.DBX1588.2",Boolean,1,R/W,100,,,,,,,,,,"",
"DI.266_Val","DB703.DBX1590.0",Boolean,1,R/W,100,,,,,,,,,,"",
"DI.266_Nch","DB703.INT1592",Word,1,R/W,100,,,,,,,,,,"",
"DI.266_ImitOn","DB703.DBX1594.0",Boolean,1,R/W,100,,,,,,,,,,"",
"DI.266_ImitOff","DB703.DBX1594.1",Boolean,1,R/W,100,,,,,,,,,,"",
"DI.266_HotChange","DB703.DBX1594.2",Boolean,1,R/W,100,,,,,,,,,,"",
"DI.267_Val","DB703.DBX1596.0",Boolean,1,R/W,100,,,,,,,,,,"",
"DI.267_Nch","DB703.INT1598",Word,1,R/W,100,,,,,,,,,,"",
"DI.267_ImitOn","DB703.DBX1600.0",Boolean,1,R/W,100,,,,,,,,,,"",
"DI.267_ImitOff","DB703.DBX1600.1",Boolean,1,R/W,100,,,,,,,,,,"",
"DI.267_HotChange","DB703.DBX1600.2",Boolean,1,R/W,100,,,,,,,,,,"",
"DI.268_Val","DB703.DBX1602.0",Boolean,1,R/W,100,,,,,,,,,,"",
"DI.268_Nch","DB703.INT1604",Word,1,R/W,100,,,,,,,,,,"",
"DI.268_ImitOn","DB703.DBX1606.0",Boolean,1,R/W,100,,,,,,,,,,"",
"DI.268_ImitOff","DB703.DBX1606.1",Boolean,1,R/W,100,,,,,,,,,,"",
"DI.268_HotChange","DB703.DBX1606.2",Boolean,1,R/W,100,,,,,,,,,,"",
"DI.269_Val","DB703.DBX1608.0",Boolean,1,R/W,100,,,,,,,,,,"",
"DI.269_Nch","DB703.INT1610",Word,1,R/W,100,,,,,,,,,,"",
"DI.269_ImitOn","DB703.DBX1612.0",Boolean,1,R/W,100,,,,,,,,,,"",
"DI.269_ImitOff","DB703.DBX1612.1",Boolean,1,R/W,100,,,,,,,,,,"",
"DI.269_HotChange","DB703.DBX1612.2",Boolean,1,R/W,100,,,,,,,,,,"",
"DI.270_Val","DB703.DBX1614.0",Boolean,1,R/W,100,,,,,,,,,,"",
"DI.270_Nch","DB703.INT1616",Word,1,R/W,100,,,,,,,,,,"",
"DI.270_ImitOn","DB703.DBX1618.0",Boolean,1,R/W,100,,,,,,,,,,"",
"DI.270_ImitOff","DB703.DBX1618.1",Boolean,1,R/W,100,,,,,,,,,,"",
"DI.270_HotChange","DB703.DBX1618.2",Boolean,1,R/W,100,,,,,,,,,,"",
"DI.271_Val","DB703.DBX1620.0",Boolean,1,R/W,100,,,,,,,,,,"",
"DI.271_Nch","DB703.INT1622",Word,1,R/W,100,,,,,,,,,,"",
"DI.271_ImitOn","DB703.DBX1624.0",Boolean,1,R/W,100,,,,,,,,,,"",
"DI.271_ImitOff","DB703.DBX1624.1",Boolean,1,R/W,100,,,,,,,,,,"",
"DI.271_HotChange","DB703.DBX1624.2",Boolean,1,R/W,100,,,,,,,,,,"",
"DI.272_Val","DB703.DBX1626.0",Boolean,1,R/W,100,,,,,,,,,,"",
"DI.272_Nch","DB703.INT1628",Word,1,R/W,100,,,,,,,,,,"",
"DI.272_ImitOn","DB703.DBX1630.0",Boolean,1,R/W,100,,,,,,,,,,"",
"DI.272_ImitOff","DB703.DBX1630.1",Boolean,1,R/W,100,,,,,,,,,,"",
"DI.272_HotChange","DB703.DBX1630.2",Boolean,1,R/W,100,,,,,,,,,,"",
"DI.273_Val","DB703.DBX1632.0",Boolean,1,R/W,100,,,,,,,,,,"",
"DI.273_Nch","DB703.INT1634",Word,1,R/W,100,,,,,,,,,,"",
"DI.273_ImitOn","DB703.DBX1636.0",Boolean,1,R/W,100,,,,,,,,,,"",
"DI.273_ImitOff","DB703.DBX1636.1",Boolean,1,R/W,100,,,,,,,,,,"",
"DI.273_HotChange","DB703.DBX1636.2",Boolean,1,R/W,100,,,,,,,,,,"",
"DI.274_Val","DB703.DBX1638.0",Boolean,1,R/W,100,,,,,,,,,,"",
"DI.274_Nch","DB703.INT1640",Word,1,R/W,100,,,,,,,,,,"",
"DI.274_ImitOn","DB703.DBX1642.0",Boolean,1,R/W,100,,,,,,,,,,"",
"DI.274_ImitOff","DB703.DBX1642.1",Boolean,1,R/W,100,,,,,,,,,,"",
"DI.274_HotChange","DB703.DBX1642.2",Boolean,1,R/W,100,,,,,,,,,,"",
"DI.275_Val","DB703.DBX1644.0",Boolean,1,R/W,100,,,,,,,,,,"",
"DI.275_Nch","DB703.INT1646",Word,1,R/W,100,,,,,,,,,,"",
"DI.275_ImitOn","DB703.DBX1648.0",Boolean,1,R/W,100,,,,,,,,,,"",
"DI.275_ImitOff","DB703.DBX1648.1",Boolean,1,R/W,100,,,,,,,,,,"",
"DI.275_HotChange","DB703.DBX1648.2",Boolean,1,R/W,100,,,,,,,,,,"",
"DI.276_Val","DB703.DBX1650.0",Boolean,1,R/W,100,,,,,,,,,,"",
"DI.276_Nch","DB703.INT1652",Word,1,R/W,100,,,,,,,,,,"",
"DI.276_ImitOn","DB703.DBX1654.0",Boolean,1,R/W,100,,,,,,,,,,"",
"DI.276_ImitOff","DB703.DBX1654.1",Boolean,1,R/W,100,,,,,,,,,,"",
"DI.276_HotChange","DB703.DBX1654.2",Boolean,1,R/W,100,,,,,,,,,,"",
"DI.277_Val","DB703.DBX1656.0",Boolean,1,R/W,100,,,,,,,,,,"",
"DI.277_Nch","DB703.INT1658",Word,1,R/W,100,,,,,,,,,,"",
"DI.277_ImitOn","DB703.DBX1660.0",Boolean,1,R/W,100,,,,,,,,,,"",
"DI.277_ImitOff","DB703.DBX1660.1",Boolean,1,R/W,100,,,,,,,,,,"",
"DI.277_HotChange","DB703.DBX1660.2",Boolean,1,R/W,100,,,,,,,,,,"",
"DI.278_Val","DB703.DBX1662.0",Boolean,1,R/W,100,,,,,,,,,,"",
"DI.278_Nch","DB703.INT1664",Word,1,R/W,100,,,,,,,,,,"",
"DI.278_ImitOn","DB703.DBX1666.0",Boolean,1,R/W,100,,,,,,,,,,"",
"DI.278_ImitOff","DB703.DBX1666.1",Boolean,1,R/W,100,,,,,,,,,,"",
"DI.278_HotChange","DB703.DBX1666.2",Boolean,1,R/W,100,,,,,,,,,,"",
"DI.279_Val","DB703.DBX1668.0",Boolean,1,R/W,100,,,,,,,,,,"",
"DI.279_Nch","DB703.INT1670",Word,1,R/W,100,,,,,,,,,,"",
"DI.279_ImitOn","DB703.DBX1672.0",Boolean,1,R/W,100,,,,,,,,,,"",
"DI.279_ImitOff","DB703.DBX1672.1",Boolean,1,R/W,100,,,,,,,,,,"",
"DI.279_HotChange","DB703.DBX1672.2",Boolean,1,R/W,100,,,,,,,,,,"",
"DI.280_Val","DB703.DBX1674.0",Boolean,1,R/W,100,,,,,,,,,,"",
"DI.280_Nch","DB703.INT1676",Word,1,R/W,100,,,,,,,,,,"",
"DI.280_ImitOn","DB703.DBX1678.0",Boolean,1,R/W,100,,,,,,,,,,"",
"DI.280_ImitOff","DB703.DBX1678.1",Boolean,1,R/W,100,,,,,,,,,,"",
"DI.280_HotChange","DB703.DBX1678.2",Boolean,1,R/W,100,,,,,,,,,,"",
"DI.281_Val","DB703.DBX1680.0",Boolean,1,R/W,100,,,,,,,,,,"",
"DI.281_Nch","DB703.INT1682",Word,1,R/W,100,,,,,,,,,,"",
"DI.281_ImitOn","DB703.DBX1684.0",Boolean,1,R/W,100,,,,,,,,,,"",
"DI.281_ImitOff","DB703.DBX1684.1",Boolean,1,R/W,100,,,,,,,,,,"",
"DI.281_HotChange","DB703.DBX1684.2",Boolean,1,R/W,100,,,,,,,,,,"",
"DI.282_Val","DB703.DBX1686.0",Boolean,1,R/W,100,,,,,,,,,,"",
"DI.282_Nch","DB703.INT1688",Word,1,R/W,100,,,,,,,,,,"",
"DI.282_ImitOn","DB703.DBX1690.0",Boolean,1,R/W,100,,,,,,,,,,"",
"DI.282_ImitOff","DB703.DBX1690.1",Boolean,1,R/W,100,,,,,,,,,,"",
"DI.282_HotChange","DB703.DBX1690.2",Boolean,1,R/W,100,,,,,,,,,,"",
"DI.283_Val","DB703.DBX1692.0",Boolean,1,R/W,100,,,,,,,,,,"",
"DI.283_Nch","DB703.INT1694",Word,1,R/W,100,,,,,,,,,,"",
"DI.283_ImitOn","DB703.DBX1696.0",Boolean,1,R/W,100,,,,,,,,,,"",
"DI.283_ImitOff","DB703.DBX1696.1",Boolean,1,R/W,100,,,,,,,,,,"",
"DI.283_HotChange","DB703.DBX1696.2",Boolean,1,R/W,100,,,,,,,,,,"",
"DI.284_Val","DB703.DBX1698.0",Boolean,1,R/W,100,,,,,,,,,,"",
"DI.284_Nch","DB703.INT1700",Word,1,R/W,100,,,,,,,,,,"",
"DI.284_ImitOn","DB703.DBX1702.0",Boolean,1,R/W,100,,,,,,,,,,"",
"DI.284_ImitOff","DB703.DBX1702.1",Boolean,1,R/W,100,,,,,,,,,,"",
"DI.284_HotChange","DB703.DBX1702.2",Boolean,1,R/W,100,,,,,,,,,,"",
"DI.285_Val","DB703.DBX1704.0",Boolean,1,R/W,100,,,,,,,,,,"",
"DI.285_Nch","DB703.INT1706",Word,1,R/W,100,,,,,,,,,,"",
"DI.285_ImitOn","DB703.DBX1708.0",Boolean,1,R/W,100,,,,,,,,,,"",
"DI.285_ImitOff","DB703.DBX1708.1",Boolean,1,R/W,100,,,,,,,,,,"",
"DI.285_HotChange","DB703.DBX1708.2",Boolean,1,R/W,100,,,,,,,,,,"",
"DI.286_Val","DB703.DBX1710.0",Boolean,1,R/W,100,,,,,,,,,,"",
"DI.286_Nch","DB703.INT1712",Word,1,R/W,100,,,,,,,,,,"",
"DI.286_ImitOn","DB703.DBX1714.0",Boolean,1,R/W,100,,,,,,,,,,"",
"DI.286_ImitOff","DB703.DBX1714.1",Boolean,1,R/W,100,,,,,,,,,,"",
"DI.286_HotChange","DB703.DBX1714.2",Boolean,1,R/W,100,,,,,,,,,,"",
"DI.287_Val","DB703.DBX1716.0",Boolean,1,R/W,100,,,,,,,,,,"",
"DI.287_Nch","DB703.INT1718",Word,1,R/W,100,,,,,,,,,,"",
"DI.287_ImitOn","DB703.DBX1720.0",Boolean,1,R/W,100,,,,,,,,,,"",
"DI.287_ImitOff","DB703.DBX1720.1",Boolean,1,R/W,100,,,,,,,,,,"",
"DI.287_HotChange","DB703.DBX1720.2",Boolean,1,R/W,100,,,,,,,,,,"",
"DI.288_Val","DB703.DBX1722.0",Boolean,1,R/W,100,,,,,,,,,,"",
"DI.288_Nch","DB703.INT1724",Word,1,R/W,100,,,,,,,,,,"",
"DI.288_ImitOn","DB703.DBX1726.0",Boolean,1,R/W,100,,,,,,,,,,"",
"DI.288_ImitOff","DB703.DBX1726.1",Boolean,1,R/W,100,,,,,,,,,,"",
"DI.288_HotChange","DB703.DBX1726.2",Boolean,1,R/W,100,,,,,,,,,,"",
